,url,html
0,https://www.saramin.co.kr/zf_user/jobs/relay/view-detail?rec_idx=43888192&location=ts&searchword=%EB%8D%B0%EC%9D%B4%ED%84%B0+%EC%97%94%EC%A7%80%EB%8B%88%EC%96%B4&searchType=search&paid_fl=n&search_uuid=37b7270c-9ef1-47cf-8350-4cdb345f44d8&rec_seq=0&t_category=relay_view&t_content=view_detail&t_ref=&t_ref_content=,"<div class=""wrap_tbl_template""><table class=""tbl_template txt_type"" id=""divisionTable""><tbody><tr id=""common_table""><td><div class=""tit_tbl""><strong class=""tit"" id=""template_common_qualification_title"">공통 자격요건</strong></div><table class=""tbl_list""><tbody><tr><td id=""template_common_education"">ㆍ학력 : 대졸 이상 (4년)</td></tr></tbody></table></td></tr><tr class=""recruit_division_0 tr_division"" data-key=""0""><td><div class=""tit_tbl""><strong class=""tit"" data-group=""recruit_division_0"" id=""template_divisions_recruitment_title_0"">데이터엔지니어</strong><span class=""txt"" data-group=""recruit_division_0"" id=""template_divisions_work_dept_nm_0""> 0명</span></div><table class=""tbl_list display_assign_task_nm_0"" data-group=""recruit_division_0"" id=""template_divisions_assign_task_nm_0"" style=""display:none;""><tbody><tr><td><strong class=""tit"">담당업무</strong></td></tr><tr><td>ㆍ</td></tr></tbody></table><table class=""tbl_list""><tbody><tr><td><span class=""tit"" id=""template_divisions_qualification_title_0""><span class=""tit"" id=""template_divisions_qualification_title_0"" style=""display: inline !important;""><b>[담당업무]</b></span></span><span class=""tit"" id=""template_divisions_qualification_title_0""><b>ㆍSpring Boot 기반의 Back-end API 개발 및 운영</b></span><span class=""tit"" id=""template_divisions_qualification_title_0""><b>ㆍJAVA/JS 기반의 대용량 Log 데이터 수집 분석 시스템 개발</b></span><span class=""tit"" id=""template_divisions_qualification_title_0""><b><br/></b></span><span class=""tit"" id=""template_divisions_qualification_title_0""><b>[자격요건]<font color=""#0b7fcc""></font></b></span><span class=""tit"" id=""template_divisions_qualification_title_0""><b>ㆍ경력 : 5년이상 or 신입</b></span><span class=""tit"" id=""template_divisions_qualification_title_0""><b>ㆍSpring(Spring Boot)를 이용한 Back-end 시스템 개발 지식과 경험이 있으신 분</b></span><span class=""tit"" id=""template_divisions_qualification_title_0""><b>ㆍGA(Google Analytics)와 같은 sc<!--x-->ript 기반의 데이터 수집 관련 지식이나 경험이 있으신 분</b></span><span class=""tit"" id=""template_divisions_qualification_title_0""><b><br/></b></span><span class=""tit"" id=""template_divisions_qualification_title_0""><b>[우대사항]</b></span><span class=""tit"" id=""template_divisions_qualification_title_0""><b>ㆍRDBMS(Maria,PG), Mongo(NoSQL)  관련 지식과 개발 경험이 있으신 분</b></span><span class=""tit"" id=""template_divisions_qualification_title_0""><b>ㆍHTML, ja<!--x-->vasc<!--x-->ript(jquery), css 관련 지식과 개발 경험이 있으신 분</b></span><span class=""tit"" id=""template_divisions_qualification_title_0""><b>ㆍPython Django 관련 지식과 개발 경험이 있으신 분</b></span><span class=""tit"" id=""template_divisions_qualification_title_0""><b>ㆍReact,Vue 혹은 React Native 관련 지식과 개발 경험이 있으신 분</b></span></td></tr><tr><td><br/></td></tr><tr class=""display_req_0"" style=""display:none;""><td id=""template_divisions_req_title_0"">
            ㆍ기타 필수 사항
        </td></tr><tr class=""display_req_0"" data-group=""recruit_division_0"" id=""template_divisions_req_0"" style=""display:none;""><td><table class=""tbl_list_type2""><tbody></tbody></table></td></tr></tbody></table><table class=""tbl_list display_pre_0"" data-group=""recruit_division_0"" id=""template_divisions_pre_0"" style=""display:none;""><tbody><tr><td><strong class=""tit"">우대사항</strong></td></tr><tr><td><table class=""tbl_list_type2 forward""><tbody></tbody></table></td></tr></tbody></table></td></tr><tr class=""recruit_division_1 tr_division"" data-key=""1""><td><div class=""tit_tbl""><strong class=""tit"" data-group=""recruit_division_1"" id=""template_divisions_recruitment_title_1"">데이터사이언티스트</strong><span class=""txt"" data-group=""recruit_division_1"" id=""template_divisions_work_dept_nm_1""> 0명</span></div><table class=""tbl_list display_assign_task_nm_1"" data-group=""recruit_division_1"" id=""template_divisions_assign_task_nm_1"" style=""display:none;""><tbody><tr><td><strong class=""tit"">담당업무</strong></td></tr><tr><td>ㆍ</td></tr></tbody></table><table class=""tbl_list""><tbody><tr><td><span class=""tit"" id=""template_divisions_qualification_title_1""><span class=""tit"" id=""template_divisions_qualification_title_1"" style=""display: inline !important;""><b>[담당업무]</b></span></span><span class=""tit"" id=""template_divisions_qualification_title_1""><b>ㆍ쇼핑플랫폼의 Front-end AI 시스템 개발 (Optimization,CF,FM)</b></span><span class=""tit"" id=""template_divisions_qualification_title_1""><b>ㆍ가격비교플랫폼의 Back-end AI 시스템 개발 (NLP,CNN,RNN)</b></span><span class=""tit"" id=""template_divisions_qualification_title_1""><b><br/></b></span><span class=""tit"" id=""template_divisions_qualification_title_1""><b>[자격요건]<font color=""#2da86a""></font></b></span><span class=""tit"" id=""template_divisions_qualification_title_1""><b>ㆍ경력 : 신입 ~ 3년이하</b></span><span class=""tit"" id=""template_divisions_qualification_title_1""><b>ㆍ원활한 커뮤니케이션 능력으로 차분히 논리를 전개하실 수 있는 분</b></span><span class=""tit"" id=""template_divisions_qualification_title_1""><b>ㆍMachine Learning관련 학위 혹은 관련된 프로젝트 경험이 있으신 분</b></span><span class=""tit"" id=""template_divisions_qualification_title_1""><b>ㆍ수작업을 자동화하고 업무를 효율화 하면서 끊임 없는 성능개선에 즐거움을 느끼시는 분</b></span><span class=""tit"" id=""template_divisions_qualification_title_1""><b>ㆍ데이터를 가공/시각화하고 이를 분석하여 인사이트를 얻고 설득하는 것에 즐거움을 느끼시는 분</b></span><span class=""tit"" id=""template_divisions_qualification_title_1""><b><br/></b></span><span class=""tit"" id=""template_divisions_qualification_title_1""><b>[우대사항]</b></span><span class=""tit"" id=""template_divisions_qualification_title_1""><b>ㆍ R,Python,C++ 중 한가지 언어를 능숙하게 다루시는 분</b></span><span class=""tit"" id=""template_divisions_qualification_title_1""><b>ㆍ Keras(Tensorflow) 기반의 NLP분야의 Deep Learning 경험이 있으신 분</b></span><span class=""tit"" id=""template_divisions_qualification_title_1""><b>ㆍ Kaggle 등 머신러닝 대회 참가 경험이 있으신 분</b></span></td></tr><tr><td><br/></td></tr><tr class=""display_req_1"" style=""display:none;""><td id=""template_divisions_req_title_1"">
            ㆍ기타 필수 사항
        </td></tr><tr class=""display_req_1"" data-group=""recruit_division_1"" id=""template_divisions_req_1"" style=""display:none;""><td><table class=""tbl_list_type2""><tbody></tbody></table></td></tr></tbody></table><table class=""tbl_list display_pre_1"" data-group=""recruit_division_1"" id=""template_divisions_pre_1"" style=""display:none;""><tbody><tr><td><strong class=""tit"">우대사항</strong></td></tr><tr><td><table class=""tbl_list_type2 forward""><tbody></tbody></table></td></tr></tbody></table></td></tr></tbody></table></div>"
1,https://www.saramin.co.kr/zf_user/jobs/relay/view-detail?rec_idx=44151393&location=ts&searchword=%EB%8D%B0%EC%9D%B4%ED%84%B0+%EC%97%94%EC%A7%80%EB%8B%88%EC%96%B4&searchType=search&paid_fl=n&search_uuid=37b7270c-9ef1-47cf-8350-4cdb345f44d8&rec_seq=0&t_category=relay_view&t_content=view_detail&t_ref=&t_ref_content=,"<div class=""wrap_tbl_template""><table class=""tbl_template txt_type"" id=""divisionTable""><tbody><tr id=""common_table""><td><div class=""tit_tbl""><strong class=""tit"" id=""template_common_qualification_title"">회사소개</strong></div><table class=""tbl_list""><tbody><tr><td id=""template_common_education"">새로운 여행 서비스를 만드는 여정을 함께 할 데이터엔지니어(Data engineer)를 모시고자 합니다.<br/><br/>트립비토즈는 영상 기반의 여행 커뮤니티와 기존의 OTA 서비스를 결합하여 새로운 방식의 여행 플랫폼을 만들어나가는<br/>회사입니다.  글로벌 No.1 Metaverse travel company 비전을 향해 매년 빠르게 성장하고 있으며, 2022년에는 국내를 넘어<br/>싱가폴, 미국 등 해외에서도 새롭게 서비스를 확장할 예정에 있습니다.  <br/><br/><b>[트립비토즈의 강점 세가지]</b><br/><b>1) 코로나로 힘든 시기에도 성장한 여행 스타트업입니다.</b><br/>   - 2017년 서비스 출시 이후 매년 107%의 성장률을 기록하고 있으며, 2020년에도 전년 대비 2.8배의 매출 성장을 일구었어요.<br/>    일자리 창출 최우수기업으로 선정되기도 하였답니다! 여행업계에는 위기였지만, 트립비토즈에게는 기회였죠.<br/><b>2) 새로운 시도에 열려있습니다.</b><br/>   - 각 분야에서 전문성을 가진 사람들이 모여 기존의 방식에 도전하며 일하고 있어요. 여행은 필연적으로 국경을 넘나들며<br/>     트립비토즈 역시 빠른 글로벌 성장을 계획하고 있어요. 지금 트립비토즈에 지원하는것은 더 큰 시장을 바라보고<font color=""#2da86a""></font><br/>     성장하는 기회가 될거예요.  <br/><b>3) 앞으로 더욱 성장해갈거예요.</b><br/>   - 2020년 TS인베스트먼트, SJ투자파트너스, KB증권 등으로부터 33억원 규모의 시리즈A 투자를 유치했으며,<br/>     2021년 60억원 규모의 시리즈 B 투자를 유치했습니다.                                                                                                            <table class=""tbl_template txt_type __se_tbl_ext"" id=""divisionTable"" style=""font-size: 12px; line-height: 12px; color: rgb(34, 34, 34);""><tbody><tr id=""common_table""><td style=""padding-right: 24px; padding-bottom: 23px; padding-left: 0px;""><br/></td></tr></tbody></table></td></tr></tbody></table></td></tr><tr class=""recruit_division_0 tr_division"" data-key=""0""><td><div class=""tit_tbl""><strong class=""tit"" data-group=""recruit_division_0"" id=""template_divisions_recruitment_title_0"">근무조건</strong><span class=""txt"" data-group=""recruit_division_0"" id=""template_divisions_work_dept_nm_0""></span></div><table class=""tbl_list display_assign_task_nm_0"" data-group=""recruit_division_0"" id=""template_divisions_assign_task_nm_0"" style=""display: none;""><tbody><tr><td><strong class=""tit"">담당업무</strong></td></tr><tr><td>ㆍ</td></tr></tbody></table><table class=""tbl_list""><tbody><tr><td><strong class=""tit"" id=""template_divisions_qualification_title_0""><span style=""font-weight: 400;"">ㆍ근무형태 : 정규직 (수습 3개월_급여100%)</span><br/></strong></td></tr><tr><td>ㆍ근무일시 : 09:00 ~ 18:00 (시차출퇴근제 가능)<br/>ㆍ근무지역 : (06160) 서울 강남구 테헤란로 415, 3층 301호 - 수인분당선 선릉 에서 300m 이내<br/><br/></td></tr><tr class=""display_req_0"" style=""display:none;""><td id=""template_divisions_req_title_0"">
            ㆍ기타 필수 사항
        </td></tr><tr class=""display_req_0"" data-group=""recruit_division_0"" id=""template_divisions_req_0"" style=""display:none;""><td><table class=""tbl_list_type2""><tbody></tbody></table></td></tr></tbody></table><table class=""tbl_list display_pre_0"" data-group=""recruit_division_0"" id=""template_divisions_pre_0"" style=""display:none;""><tbody><tr><td><strong class=""tit"">우대사항</strong></td></tr><tr><td><table class=""tbl_list_type2 forward""><tbody></tbody></table></td></tr></tbody></table></td></tr></tbody></table></div>"
2,https://www.saramin.co.kr/zf_user/jobs/relay/view-detail?rec_idx=44062796&location=ts&searchword=%EB%8D%B0%EC%9D%B4%ED%84%B0+%EC%97%94%EC%A7%80%EB%8B%88%EC%96%B4&searchType=search&paid_fl=n&search_uuid=37b7270c-9ef1-47cf-8350-4cdb345f44d8&rec_seq=0&t_category=relay_view&t_content=view_detail&t_ref=&t_ref_content=,"<div class=""wrap_tbl_template""><table class=""tbl_template txt_type"" id=""divisionTable""><tbody><tr id=""common_table""><td><div class=""tit_tbl""><strong class=""tit"" id=""template_common_qualification_title"">공통 자격요건</strong></div><table class=""tbl_list""><tbody><tr><td id=""template_common_education"">ㆍ학력 : 대졸 이상 (4년)</td></tr></tbody></table></td></tr><tr class=""recruit_division_0 tr_division"" data-key=""0""><td><div class=""tit_tbl""><strong class=""tit"" data-group=""recruit_division_0"" id=""template_divisions_recruitment_title_0"">DB 구축 (입력 수정 검수) 및 DB 분석</strong><span class=""txt"" data-group=""recruit_division_0"" id=""template_divisions_work_dept_nm_0"">빅데이터 사업부 00명</span></div><table class=""tbl_list display_assign_task_nm_0"" data-group=""recruit_division_0"" id=""template_divisions_assign_task_nm_0"" style=""display: none;""><tbody><tr><td><strong class=""tit"">담당업무</strong></td></tr><tr><td>ㆍ</td></tr></tbody></table><table class=""tbl_list""><tbody><tr><td><strong class=""tit"" id=""template_divisions_qualification_title_0"">지원자격</strong></td></tr><tr><td><span data-group=""recruit_division_0"" id=""template_divisions_Career_0"">ㆍ경력 : 무관 (신입도 지원 가능)</span><span data-group=""recruit_division_0"" id=""template_divisions_JobGrade_0"">(연구원급)</span></td></tr><tr class=""display_req_0"" style=""display: none;""><td id=""template_divisions_req_title_0"">
            ㆍ기타 필수 사항
        </td></tr><tr class=""display_req_0"" data-group=""recruit_division_0"" id=""template_divisions_req_0"" style=""display: none;""><td><table class=""tbl_list_type2""><tbody></tbody></table></td></tr></tbody></table><table class=""tbl_list display_pre_0"" data-group=""recruit_division_0"" id=""template_divisions_pre_0""><tbody><tr><td><strong class=""tit"">우대사항</strong></td></tr><tr><td><table class=""tbl_list_type2 forward""><tbody><tr><td>ㆍ컴퓨터/시스템공학, 건축/토목/조경/도시공학, 수학/통계학</td></tr><tr><td>ㆍ정보처리기사, 데이터분석준전문가(ADsP)</td></tr><tr><td>ㆍ통계분석능숙자, 컴퓨터활용능력 우수, 엑셀 고급능력자</td></tr></tbody></table></td></tr></tbody></table></td></tr></tbody></table></div>"
3,https://www.saramin.co.kr/zf_user/jobs/relay/view-detail?rec_idx=44205594&location=ts&searchword=%EB%8D%B0%EC%9D%B4%ED%84%B0+%EC%97%94%EC%A7%80%EB%8B%88%EC%96%B4&searchType=search&paid_fl=n&search_uuid=37b7270c-9ef1-47cf-8350-4cdb345f44d8&rec_seq=0&t_category=relay_view&t_content=view_detail&t_ref=&t_ref_content=,"<div class=""wrap_tbl_template""><table class=""tbl_template"" id=""divisionTable""><colgroup><col width=""184""/><col/></colgroup><thead><tr><th scope=""col"">모집부문</th><th scope=""col"">상세내용</th></tr></thead><tbody><tr id=""common_table""><th scope=""row""><strong class=""tit"" id=""template_common_qualification_title"">공통 자격요건</strong></th><td><table class=""tbl_list""><tbody><tr><td id=""template_common_education"">ㆍ학력 : 무관<font color=""#0b7fcc""></font></td></tr></tbody></table></td></tr><tr class=""recruit_division_0 tr_division"" data-key=""0"" style=""display: table-row;""><th scope=""row""><strong class=""tit"" data-group=""recruit_division_0"" id=""template_divisions_recruitment_title_0"">데이터 엔지니어 <br/>- BI 개발자</strong></th><td><table class=""tbl_list display_assign_task_nm_0"" data-group=""recruit_division_0"" id=""template_divisions_assign_task_nm_0"" style=""display:none;""><tbody><tr><td><strong class=""tit"">담당업무</strong></td></tr><tr><td>ㆍ</td></tr></tbody></table><span data-group=""recruit_division_0"" id=""template_divisions_JobGrade_0""></span><table class=""tbl_list""><tbody><tr><td><strong class=""tit"" id=""template_divisions_qualification_title_0"">지원자격</strong></td></tr><tr><td><span data-group=""recruit_division_0"" id=""template_divisions_Career_0"">ㆍ경력 : 신입/경력 1년 이상<br/><br/><b>담당업무</b><br/>O  고객 데이터 분석 및 BI Report 기획 (화면 설계)<br/>O  다양한 환경의 고객 데이터 연결 및 전처리 클렌징<br/>O  Microsoft Power BI를 활용한 고객 BI Report 자동화<br/>O  Microsoft Azure (Cloud)를 활용한 데이터 모델링<font color=""#2da86a""></font><br/><br/><b>우대사항</b><br/>O  BI 솔루션(MS Power BI, Tableau, QLIK 등) 관련 경력자<br/>O  MS 파워쿼리 또는 DAX 함수 사용이 능숙하신 분<br/>O  SQL Query 가능하신 분 또는 DB 이해도가 높으신 분<br/>O  PPT 또는 Excel 함수, VBA 등에 능숙하신 분<br/>O  Shell 또는 MS PowerShell 사용이 가능하신 분<br/></span></td><td>O  Python 사용 가능하신 분<br/>O  논리적이고 분석적인 사고를 갖추신 분<br/></td></tr><tr class=""display_req_0"" style=""display:none;""><td id=""template_divisions_req_title_0"">
            ㆍ기타 필수 사항
        </td></tr><tr class=""display_req_0"" data-group=""recruit_division_0"" id=""template_divisions_req_0"" style=""display:none;""><td><table class=""tbl_list_type2""><tbody></tbody></table></td></tr></tbody></table><table class=""tbl_list display_pre_0"" data-group=""recruit_division_0"" id=""template_divisions_pre_0"" style=""display:none;""><tbody><tr><td><strong class=""tit"">우대사항</strong></td></tr><tr><td><table class=""tbl_list_type2 forward""><tbody></tbody></table></td></tr></tbody></table></td></tr><tr class=""recruit_division_1 tr_division"" data-key=""1"" style=""display: table-row;""><th scope=""row""><strong class=""tit"" data-group=""recruit_division_1"" id=""template_divisions_recruitment_title_1"">데이터 엔지니어 <br/>- 데이터 모델러</strong></th><td><table class=""tbl_list display_assign_task_nm_1"" data-group=""recruit_division_1"" id=""template_divisions_assign_task_nm_1"" style=""display:none;""><tbody><tr><td><strong class=""tit"">담당업무</strong></td></tr><tr><td>ㆍ</td></tr></tbody></table><table class=""tbl_list""><tbody><tr><td><strong class=""tit"" id=""template_divisions_qualification_title_1"">지원자격</strong></td></tr><tr><td><span data-group=""recruit_division_1"" id=""template_divisions_Career_1"">ㆍ경력 : 신입/경력 1년 이상<br/><br/>담당업무<br/>O  Data Flow 아키텍처 설계<br/>O  다양한 환경의 고객 데이터 연결(수집) 및 전처리/적재<br/>O  Data Warehouse 및 Data Mart 구축<br/>O  SQL Query 및 Index 최적화, DB 파티션 구성<br/><br/>[우대사항]<br/>O  관련 전공자 (컴퓨터공학, 정보통신, 전산, 통계 등)<br/>O  SQL Query 및 프로시저 작성이 능숙하신 분<br/>O  DB 성능 개선에 대한 경험이 많으신 분<br/>O  다양한 출처의 데이터를 여러 기술들을 활용해 ETL 가능하신 분<br/>O  데이터 표준화 및 품질관리 경험이 많으신 분<br/>O  동종업계 (MS, AWS, Google, Naver 등) 비즈니스 클라우드에 대한 이해도가 높으신 분<br/>O  BI 솔루션에 대한 이해도가 높고 협업이 가능하신 분<br/></span><span data-group=""recruit_division_1"" id=""template_divisions_JobGrade_1""></span></td></tr><tr class=""display_req_1"" style=""display:none;""><td id=""template_divisions_req_title_1"">
            ㆍ기타 필수 사항
        </td></tr><tr class=""display_req_1"" data-group=""recruit_division_1"" id=""template_divisions_req_1"" style=""display:none;""><td><table class=""tbl_list_type2""><tbody></tbody></table></td></tr></tbody></table><table class=""tbl_list display_pre_1"" data-group=""recruit_division_1"" id=""template_divisions_pre_1"" style=""display:none;""><tbody><tr><td><strong class=""tit"">우대사항</strong></td></tr><tr><td><table class=""tbl_list_type2 forward""><tbody></tbody></table></td></tr></tbody></table></td></tr></tbody></table></div>"
4,https://www.saramin.co.kr/zf_user/jobs/relay/view-detail?rec_idx=44123224&location=ts&searchword=%EB%8D%B0%EC%9D%B4%ED%84%B0+%EC%97%94%EC%A7%80%EB%8B%88%EC%96%B4&searchType=search&paid_fl=n&search_uuid=37b7270c-9ef1-47cf-8350-4cdb345f44d8&rec_seq=0&t_category=relay_view&t_content=view_detail&t_ref=&t_ref_content=,"<div class=""wrap_tbl_template"">
<table class=""tbl_template"" id=""divisionTable"">
<colgroup>
<col width=""184""/>
<col/>
</colgroup>
<thead>
<tr>
<th scope=""col""><br/></th>
<th scope=""col""><br/></th>
</tr>
</thead>
<tbody>
<tr id=""common_table"">
<th scope=""row""><strong class=""tit"" id=""template_common_qualification_title"">모집부문</strong></th>
<td><table class=""tbl_list"">
<tbody>
<tr>
<td id=""template_common_education"" style=""text-align: center; ""><b>상세내용</b></td>
</tr>
</tbody>
</table></td>
</tr>
<tr class=""recruit_division_1 tr_division"" data-key=""1"" style=""display: table-row;"">
<th scope=""row""><strong class=""tit"" data-group=""recruit_division_1"" id=""template_divisions_recruitment_title_1"">Database Engineer<br/>
                            /Data Architect<br/>
<strong class=""tit"" data-group=""recruit_division_0"" id=""template_divisions_recruitment_title_0"">(신입/경력)</strong></strong><span class=""txt"" data-group=""recruit_division_1"" id=""template_divisions_work_dept_nm_1""> 0명</span></th>
<td><table class=""tbl_list display_assign_task_nm_1 __se_tbl_ext"" data-group=""recruit_division_1"" id=""template_divisions_assign_task_nm_1"" style=""font-size: 15px; line-height: 15px; width: 628.333px;"">
<tbody>
<tr>
<td><strong class=""tit"">담당업무</strong></td>
</tr>
<tr>
<td>ㆍ Database 모델링<font color=""#0b7fcc""></font><br/>
                                    ㆍ Data 이행 및 ETL 개발<br/>
                                    ㆍ Data Wahouse 및 Data Mart 구축<font color=""#2da86a""></font><br/>
                                    ㆍ DBMS Programming (SQL, PL/SQL 등)<br/>
<br type=""_moz""/></td>
</tr>
</tbody>
</table>
<table class=""tbl_list __se_tbl_ext"" style=""font-size: 15px; line-height: 15px; width: 628.333px;"">
<tbody>
<tr>
<td><strong class=""tit"" id=""template_divisions_qualification_title_1"">지원자격</strong></td>
</tr>
<tr>
<td><span data-group=""recruit_division_1"" id=""template_divisions_Career_1"">ㆍDB 또는 개발 관련 지식<br/>
</span><span data-group=""recruit_division_1"" id=""template_divisions_JobGrade_1"">ㆍ관련분야에 대한 열정과 관심<br/>
<br/>
</span></td>
</tr>
</tbody>
</table>
<table class=""tbl_list display_pre_1 __se_tbl_ext"" data-group=""recruit_division_1"" id=""template_divisions_pre_1"" style=""font-size: 15px; line-height: 15px; width: 628.333px;"">
<tbody>
<tr>
<td><span class=""tit""><b>우대조건</b><br/>
                                    ㆍ<span style=""color: rgb(51, 51, 51); font-size: 16px;"" 고딕"";""="""" 맑은="""">각종 </span><span 0pt;""="""" lang=""EN-US"" letter-spacing:="""" style=""color: rgb(51, 51, 51); font-size: 16px;"" 고딕"";="""" 맑은="""">DBMS Programming </span><span style=""color: rgb(51, 51, 51); font-size: 16px;"" 고딕"";""="""" 맑은="""">개발 경험 및 관련 교육이수</span><br/>
</span>
<p gothic"";""="""" malgun="""" style=""position: relative; font-size: 16px; color: rgb(51, 51, 51); line-height: 1.75;""><span lang=""EN-US"" 고딕"";""="""" 맑은="""">   </span><span 0pt;""="""" lang=""EN-US"" letter-spacing:="""" 고딕"";="""" 맑은="""">(Oracle, MySQL, SQL Server, PostgreSQL </span><span 고딕"";""="""" 맑은="""">등 </span><span 0pt;""="""" lang=""EN-US"" letter-spacing:="""" 고딕"";="""" 맑은="""">)</span> <br/>
<span 15px;""="""" dotum,="""" font-size:="""" gothic"",="""" gulim,="""" malgun="""" sans-serif;="""" style=""color: rgb(68, 68, 68);"">ㆍ</span><span 0pt;""="""" lang=""EN-US"" letter-spacing:="""" 고딕"";="""" 맑은="""">ETL Tool </span><span 고딕"";""="""" 맑은="""">을 이용한 </span><span 0pt;""="""" lang=""EN-US"" letter-spacing:="""" 고딕"";="""" 맑은="""">ETL </span><span 고딕"";""="""" 맑은="""">프로그램 개발 경험자 또는 교육 이수</span><br type=""_moz""/>
</p>
<p gothic"";""="""" malgun="""" style=""position: relative; font-size: 16px; color: rgb(51, 51, 51); line-height: 1.75;""><span 0pt;""="""" lang=""EN-US"" letter-spacing:="""" 고딕"";="""" 맑은=""""><span lang=""EN-US"" style=""letter-spacing: 0pt;"">   (Infomatica, DataStage, TeraStreams </span>등<span lang=""EN-US"" style=""letter-spacing: 0pt;"">)<br/>
<span -1px;""="""" 15px;="""" dotum,="""" font-size:="""" gothic"",="""" gulim,="""" letter-spacing:="""" malgun="""" sans-serif;="""" style=""color: rgb(68, 68, 68);"">ㆍ</span></span></span><span 고딕"";""="""" 맑은="""">정보처리기사 및 </span><span lang=""EN-US"" style=""letter-spacing: 0pt;"" 고딕"";""="""" 맑은="""">DBMS </span><span 고딕"";""="""" 맑은="""">관련 자격증 보유</span></p>
<p gothic"";""="""" malgun="""" style=""position: relative; font-size: 16px; color: rgb(51, 51, 51); line-height: 1.75;""><span lang=""EN-US"" 고딕"";""="""" 맑은=""""><span lang=""EN-US""><span lang=""EN-US"">    </span><span lang=""EN-US"" style=""letter-spacing: 0pt;"">(SQLP/SQLD, DAP/DAsP </span>등 <span lang=""EN-US"" style=""letter-spacing: 0pt;"">)<br/>
<span -1px;""="""" 15px;="""" dotum,="""" font-size:="""" gothic"",="""" gulim,="""" letter-spacing:="""" malgun="""" sans-serif;="""" style=""color: rgb(68, 68, 68);"">ㆍ</span><span lang=""EN-US"" style=""letter-spacing: 0pt;"">Hadoop </span><span style=""letter-spacing: -1px;"">및 </span><span lang=""EN-US"" style=""letter-spacing: 0pt;"">Hadoop Eco </span><span style=""letter-spacing: -1px;"">활용 가능</span><br/>
</span></span></span></p>
<p style=""position: relative; line-height: 1.75;""><span lang=""EN-US""><span lang=""EN-US""><span lang=""EN-US""><span 16px;""="""" font-size:="""" lang=""EN-US"" style=""color: rgb(51, 51, 51);"" 고딕"";="""" 맑은="""">   </span><span 0pt;""="""" 16px;="""" font-size:="""" lang=""EN-US"" letter-spacing:="""" style=""color: rgb(51, 51, 51);"" 고딕"";="""" 맑은="""">(Hadoop, Spark, Kafka, Hive, NoSQL </span><font color=""#333333"" face=""맑은 고딕""><span style=""font-size: 16px;"">등</span></font><span lang=""EN-US""><font color=""#333333"" face=""맑은 고딕""><span style=""font-size: 16px; letter-spacing: 0pt;"">)</span></font><br/>
<br/>
<b>경력인정사항</b></span></span></span></span></p>
<p gothic"";""="""" malgun="""" style=""position: relative; font-size: 16px; color: rgb(51, 51, 51); line-height: 1.75;""><span 0pt;""="""" lang=""EN-US"" letter-spacing:="""" 고딕"";="""" 맑은=""""><span lang=""EN-US"" style=""letter-spacing: 0pt;""><span -1px;""="""" 15px;="""" dotum,="""" font-size:="""" gothic"",="""" gulim,="""" letter-spacing:="""" malgun="""" sans-serif;="""" style=""color: rgb(68, 68, 68);"">ㆍ데이터 분석, 데이터 모델링(DA) 경험 <br/>
</span><span -1px;""="""" 15px;="""" dotum,="""" font-size:="""" gothic"",="""" gulim,="""" letter-spacing:="""" malgun="""" sans-serif;="""" style=""color: rgb(68, 68, 68);"">ㆍ데이터 분석을 위한 대용량 데이터 수집,  가공 및 분석경험<br/>
</span><span -1px;""="""" 15px;="""" dotum,="""" font-size:="""" gothic"",="""" gulim,="""" letter-spacing:="""" malgun="""" sans-serif;="""" style=""color: rgb(68, 68, 68);"">ㆍData Warehouse/Data Mart 구축 경험<br/>
</span><span -1px;""="""" 15px;="""" dotum,="""" font-size:="""" gothic"",="""" gulim,="""" letter-spacing:="""" malgun="""" sans-serif;="""" style=""color: rgb(68, 68, 68);"">ㆍ데이터 표준화 및 품질관리 경험<br/>
</span><span -1px;""="""" 15px;="""" dotum,="""" font-size:="""" gothic"",="""" gulim,="""" letter-spacing:="""" malgun="""" sans-serif;="""" style=""color: rgb(68, 68, 68);"">ㆍDB통합 및 최적화 경험자, Query Tunning 가능<br/>
</span><span -1px;""="""" 15px;="""" dotum,="""" font-size:="""" gothic"",="""" gulim,="""" letter-spacing:="""" malgun="""" sans-serif;="""" style=""color: rgb(68, 68, 68);"">ㆍ공간 데이터 처리 경험 또는 이해 보유(GIS 관련 경력)<br/>
</span><span -1px;""="""" 15px;="""" dotum,="""" font-size:="""" gothic"",="""" gulim,="""" letter-spacing:="""" malgun="""" sans-serif;="""" style=""color: rgb(68, 68, 68);"">ㆍ빅데이터 관련 프로젝트 수행 경험<br/>
<br/>
</span></span></span></p></td>
</tr>
</tbody>
</table>
<table class=""tbl_list display_assign_task_nm_1"" data-group=""recruit_division_1"" id=""template_divisions_assign_task_nm_1"" style=""display:none;"">
<tbody>
<tr>
<td><strong class=""tit"">담당업무</strong></td>
</tr>
<tr>
<td>ㆍ</td>
</tr>
</tbody>
</table>
<table class=""tbl_list"">
<tbody>
<tr>
<td><strong class=""tit"" id=""template_divisions_qualification_title_1"">지원자격</strong></td>
</tr>
<tr>
<td><span data-group=""recruit_division_1"" id=""template_divisions_Career_1"">ㆍ경력 : 무관 (신입도 지원 가능)</span><span data-group=""recruit_division_1"" id=""template_divisions_JobGrade_1"">(팀원급)<br/>
<br/>
</span></td>
</tr>
<tr class=""display_req_1"" style=""display:none;"">
<td id=""template_divisions_req_title_1""> ㆍ기타 필수 사항 </td>
</tr>
<tr class=""display_req_1"" data-group=""recruit_division_1"" id=""template_divisions_req_1"" style=""display:none;"">
<td><table class=""tbl_list_type2"">
<tbody>
</tbody>
</table></td>
</tr>
</tbody>
</table>
<table class=""tbl_list display_pre_1"" data-group=""recruit_division_1"" id=""template_divisions_pre_1"">
<tbody>
<tr>
<td><strong class=""tit"">우대사항</strong></td>
</tr>
<tr>
<td><table class=""tbl_list_type2 forward"">
<tbody>
<tr>
<td>ㆍ데이터아키텍처전문가(DAP), SQL전문가(SQLP자격), SQL개발자(SQLD자격)</td>
</tr>
</tbody>
</table></td>
</tr>
</tbody>
</table></td>
</tr>
<tr class=""recruit_division_2 tr_division"" data-key=""2"" style=""display: table-row;"">
<td colspan=""2"">
<p><span style=""display: inline-block; font-size: 18px; line-height: 1.5; font-weight:bold; color:#353537;background: linear-gradient(to top, #adb7ff 30%, transparent 30%);"">“합류하게 될 팀/본부에 대해 알려드려요”<span></span></span></p><br/>
<p>- 카카오맵이나 네이버맵 같은 지도 기반의 시각화 시스템을 만드는 본부입니다.</p><br/>
<p>- 우리 팀은 데이터를 시각화/활용하기 위해 DBMS에 DB 모델을 설계하고 데이터를 적재/가공/관리하는 역할을 합니다.</p><br/>
<p>- 그 과정에서 다양한 데이터 및 DBMS를 활용하며 데이터 엔지니어링에 대한 다양한 경험을 얻을 수 있습니다.</p><br/><br/>
<p><span style=""display: inline-block; font-size: 18px; line-height: 1.5; font-weight:bold; color:#353537;background: linear-gradient(to top, #adb7ff 30%, transparent 30%);"">“합류하시면 함께 할 업무입니다.”<span></span></span></p><br/>
<p>- 경력이 많으신 분들은 사내외 프로젝트에서 데이터 모델 설계 등 데이터 파트 PL 역할을 할 수 있습니다.</p><br/>
<p>- 경력이 부족한 분들은 사내외 교육이나 선임 연구원들의 도움을 받아 프로젝트에서 데이터를 적재/가공/관리하는 업무를 맡게 됩니다.</p><br/><br/>
<p><span style=""display: inline-block; font-size: 18px; line-height: 1.5; font-weight:bold; color:#353537;background: linear-gradient(to top, #adb7ff 30%, transparent 30%);"">“이런 분과 함께하고 싶어요.”<span></span></span></p><br/>
<p>- 일단 DBMS 및 데이터 모델링, 데이터 ETL 등 데이터 엔지니어링 분야에서 계속해서 성장하고 싶으신 분이어야 합니다.</p><br/>
<p>- 기본 요건은 DBMS에 대한 이해가 있어야 하고 SQL 및 PL/SQL은 활용이 가능해야 합니다.</p><br/>
<p ""="""" style=""font-weight:bold;"">- 관련 분야에 전문가가 아니어도 좋습니다. 기본 요건을 갖추었고 우리가 하는 일에 관심과 열정이 있다면 지원하실 수 있습니다.</p>
</td>
</tr>
</tbody>
</table>
</div>"
5,https://www.saramin.co.kr/zf_user/jobs/relay/view-detail?rec_idx=44079488&location=ts&searchword=%EB%8D%B0%EC%9D%B4%ED%84%B0+%EC%97%94%EC%A7%80%EB%8B%88%EC%96%B4&searchType=search&paid_fl=n&search_uuid=37b7270c-9ef1-47cf-8350-4cdb345f44d8&rec_seq=0&t_category=relay_view&t_content=view_detail&t_ref=&t_ref_content=,"<div class=""wrap_tbl_template"">   <table class=""tbl_template txt_type"" id=""divisionTable""><tbody><tr id=""common_table""><td><div class=""tit_tbl""><strong class=""tit"" id=""template_common_qualification_title"">공통 자격요건</strong></div><table class=""tbl_list""><tbody><tr><td id=""template_common_education"">ㆍ학력 : 무관<font color=""#0b7fcc""></font><br/>ㆍ경력 : 경력 3년 ~ 10년<br type=""_moz""/></td></tr></tbody></table></td></tr><tr class=""recruit_division_1 tr_division"" data-key=""1""><td><div class=""tit_tbl""><strong class=""tit"" data-group=""recruit_division_1"" id=""template_divisions_recruitment_title_1"">DBA 운영(Oracle)</strong><span class=""txt"" data-group=""recruit_division_1"" id=""template_divisions_work_dept_nm_1""> 0명</span></div><span class=""tit"" id=""template_divisions_qualification_title_0""><span style=""font-weight: bold;"">    주요업무<br/>    </span>ㆍ데이터베이스 논리/물리 모델링, 아키텍처<div class=""recruitment-item"">    ㆍ성능 최적화, 트러블 슈팅, 운영 자동화<br/></div><div class=""recruitment-item"">    ㆍ백업, 복구, 보안 전략수립<br/></div><div class=""recruitment-item"">    ㆍ데이터 표준화/품질관리 운영<br/></div><div class=""recruitment-item""><br/>    <b>자격요건<br/>    </b><span ""apple="""" ""malgun="""" 16px;""="""" dotum,="""" font-size:="""" gothic="""" gothic"",="""" neo"",="""" sans-serif;="""" sd="""" style=""color: rgb(51, 51, 51); font-family: "" 고딕"",="""" 돋움,="""" 맑은="""">ㆍOracle 운영 경력 5년 이상</span></div><p ""apple="""" ""malgun="""" dotum,="""" gothic="""" gothic"",="""" neo"",="""" sans-serif;""="""" sd="""" style=""position: relative; font-size: 16px; color: rgb(51, 51, 51); line-height: 1.75; font-family: "" 고딕"",="""" 돋움,="""" 맑은="""">    ㆍRAC 환경 구성, 운영 경험자</p><p ""apple="""" ""malgun="""" dotum,="""" gothic="""" gothic"",="""" neo"",="""" sans-serif;""="""" sd="""" style=""position: relative; font-size: 16px; color: rgb(51, 51, 51); line-height: 1.75; font-family: "" 고딕"",="""" 돋움,="""" 맑은="""">    ㆍ백업 및 복구 경험자(RMAN, Datapump)</p><p ""apple="""" ""malgun="""" dotum,="""" gothic="""" gothic"",="""" neo"",="""" sans-serif;""="""" sd="""" style=""position: relative; font-size: 16px; color: rgb(51, 51, 51); line-height: 1.75; font-family: "" 고딕"",="""" 돋움,="""" 맑은="""">    ㆍDB 성능 분석 및 SQL 튜닝 경험</p><span style=""font-weight: bold;""><br/>    우대사항<br/>  </span>  <span style=""font-size: 12pt;"">ㆍMySQL, MariaDB, PostgreSQL 경력자</span><br/><span style=""font-size: 12pt;"">    ㆍMySQL Replication, Cluster </span><span black;""="""" color:="""" style=""font-size: 10pt; font-family: "" 고딕"";="""" 맑은=""""><span style=""font-size: 12pt;"">경험자</span><br/></span>    ㆍ<span style=""font-size: 12pt;"">DB</span><span black;""="""" color:="""" style=""font-size: 12pt; font-family: "" 고딕"";="""" 맑은="""">서버<span lang=""EN-US"" style=""font-size: 12pt;"">/</span>네트워크<span lang=""EN-US"" style=""font-size: 12pt;"">/</span>스토리지 관련 지식 보유자</span></span><table class=""tbl_list display_pre_1"" data-group=""recruit_division_1"" id=""template_divisions_pre_1"" style=""display:none;""><tbody><tr><td><strong class=""tit"">우대사항</strong></td></tr><tr><td><table class=""tbl_list_type2 forward""><tbody></tbody></table></td></tr></tbody></table></td></tr><tr class=""recruit_division_2 tr_division"" data-key=""2""><td><div class=""tit_tbl""><strong class=""tit"" data-group=""recruit_division_2"" id=""template_divisions_recruitment_title_2"">DBA 운영(MySQL)</strong><span class=""txt"" data-group=""recruit_division_2"" id=""template_divisions_work_dept_nm_2""> 0명</span></div><table class=""tbl_list display_assign_task_nm_2"" data-group=""recruit_division_2"" id=""template_divisions_assign_task_nm_2"" style=""display: none;""><tbody><tr><td><strong class=""tit"">담당업무</strong></td></tr><tr><td>ㆍ</td></tr></tbody></table><br/>   <b> 주요업무<br/><br/>    </b>ㆍMySQL / AWS Aurora<span ""apple="""" ""malgun="""" 16px;""="""" dotum,="""" font-size:="""" gothic="""" gothic"",="""" neo"",="""" sans-serif;="""" sd="""" style=""color: rgb(51, 51, 51); font-family: "" 고딕"",="""" 돋움,="""" 맑은=""""> </span><span black;""="""" color:="""" style=""font-size: 12pt; font-family: "" 고딕"";="""" 맑은="""">운영 및 기술 지원</span><p ""apple="""" ""malgun="""" dotum,="""" gothic="""" gothic"",="""" neo"",="""" sans-serif;""="""" sd="""" style=""position: relative; font-size: 16px; color: rgb(51, 51, 51); line-height: 1.75; font-family: "" 고딕"",="""" 돋움,="""" 맑은="""">    ㆍDBMS 튜닝 및 최적화<br/></p><p ""apple="""" ""malgun="""" dotum,="""" gothic="""" gothic"",="""" neo"",="""" sans-serif;""="""" sd="""" style=""position: relative; font-size: 16px; color: rgb(51, 51, 51); line-height: 1.75; font-family: "" 고딕"",="""" 돋움,="""" 맑은="""">    ㆍ성능 모니터링 및 분석, 장애 조치<font color=""#2da86a""></font><br/><br/>    <b>자격요건</b><br/>    <span dotum,="""" gothic"",="""" gulim,="""" malgun="""" sans-serif;""="""" style=""font-family: "">ㆍMySQL 경력 2년 이상</span></p><p style=""position: relative; font-size: 16px; color: rgb(51, 51, 51); line-height: 1.75;"">    ㆍ데이터 모델링 및 RDBMS 쿼리 튜닝 경험자</p><p style=""position: relative; font-size: 16px; color: rgb(51, 51, 51); line-height: 1.75;"">    ㆍ우수한 커뮤니케이션 능력 보유자<span black;""="""" color:="""" style=""font-size: 12pt; font-family: "" 고딕"";="""" 맑은=""""><br/></span></p><p style=""position: relative; font-size: 16px; color: rgb(51, 51, 51); line-height: 1.75;""><br/>    <b style="""">우대사항<br/>    </b><span style=""color: rgb(68, 68, 68); font-size: 15px;"">ㆍAWS RDS, Aurora 운영 경험자<br/>    </span><span style=""color: rgb(68, 68, 68); font-size: 15px;"">ㆍHA구성 및 클러스터 운영 경험자</span></p>     <br/>    ㆍNoSQL 경험자<br/><br/><table class=""tbl_list display_pre_2"" data-group=""recruit_division_2"" id=""template_divisions_pre_2"" style=""display:none;""><tbody><tr><td><strong class=""tit"">우대사항</strong></td></tr><tr><td><table class=""tbl_list_type2 forward""><tbody></tbody></table></td></tr></tbody></table></td></tr><tr class=""recruit_division_3 tr_division"" data-key=""3""><td><div class=""tit_tbl""><strong class=""tit"" data-group=""recruit_division_3"" id=""template_divisions_recruitment_title_3"">빅데이터 엔지니어</strong><span class=""txt"" data-group=""recruit_division_3"" id=""template_divisions_work_dept_nm_3""> 0명</span></div><table class=""tbl_list display_assign_task_nm_3"" data-group=""recruit_division_3"" id=""template_divisions_assign_task_nm_3"" style=""display:none;""><tbody><tr><td><strong class=""tit"">담당업무</strong></td></tr><tr><td>ㆍ</td></tr></tbody></table><table class=""tbl_list""><tbody><tr><td><strong class=""tit"" id=""template_divisions_qualification_title_3"">자격요건</strong></td></tr><tr><td><span data-group=""recruit_division_3"" id=""template_divisions_Career_3"">ㆍ데이터 파이프라인 개발 및 운영 경력 3년 이상 경험자<br/>ㆍHadoop / Spark 에코 시스템 운영 경험자<br/>ㆍHive, Presto, Kafka, Airflow 관련 서비스 경험자<br/>ㆍPython 언어 개발 경험자<br/><br/><strong class=""tit"" id=""template_divisions_qualification_title_3"">우대사항<br/><span style=""font-weight: 400;"">ㆍ대규모 분산처리 시스템 개발 및 운영 경험자<br/></span><span style=""font-weight: 400;"">ㆍML 분석 데이터 서비스 적용 경험자</span><br/></strong></span><span data-group=""recruit_division_3"" id=""template_divisions_JobGrade_3""></span></td></tr><tr class=""display_req_3"" style=""display:none;""><td id=""template_divisions_req_title_3"">
            ㆍ기타 필수 사항
        </td></tr><tr class=""display_req_3"" data-group=""recruit_division_3"" id=""template_divisions_req_3"" style=""display:none;""><td><table class=""tbl_list_type2""><tbody></tbody></table></td></tr></tbody></table><table class=""tbl_list display_pre_3"" data-group=""recruit_division_3"" id=""template_divisions_pre_3"" style=""display:none;""><tbody><tr><td><strong class=""tit"">우대사항</strong></td></tr><tr><td><table class=""tbl_list_type2 forward""><tbody></tbody></table></td></tr></tbody></table></td></tr><tr class=""recruit_division_4 tr_division"" data-key=""4""><td><div class=""tit_tbl""><strong class=""tit"" data-group=""recruit_division_4"" id=""template_divisions_recruitment_title_4"">DW 데이터 엔지니어</strong><span class=""txt"" data-group=""recruit_division_4"" id=""template_divisions_work_dept_nm_4""> 0명</span></div><table class=""tbl_list display_assign_task_nm_4"" data-group=""recruit_division_4"" id=""template_divisions_assign_task_nm_4"" style=""display:none;""><tbody><tr><td><strong class=""tit"">담당업무</strong></td></tr><tr><td>ㆍ</td></tr></tbody></table><table class=""tbl_list""><tbody><tr><td><strong class=""tit"" id=""template_divisions_qualification_title_4"">자격요건</strong></td></tr><tr><td><span data-group=""recruit_division_4"" id=""template_divisions_Career_4"">ㆍ데이터 모델링 DW/DM 설계 및 구축 경험자<br/>ㆍETL 솔루션 개발 또는 운영 경력 3년 이상 경험자<br/>ㆍ대용량 데이터 처리 및 마이그레이션 경험자<br/>ㆍBI/OLAP/CRM 분석 데이터 설계 및 구축 경험자<br/>ㆍSQL 숙련자<br/><br/><strong class=""tit"" id=""template_divisions_qualification_title_4"">우대사항<br/><span style=""font-weight: 400;"">ㆍOLAP Solution(MSTR) 운영 및 개발 유경험자<br/></span><span style=""font-weight: 400;"">ㆍCDC 시스템 운영 경험자<br/></span><span style=""font-weight: 400;"">ㆍ데이터 기반 문제 해결 능력 보유자</span><br/></strong></span><span data-group=""recruit_division_4"" id=""template_divisions_JobGrade_4""></span></td></tr><tr class=""display_req_4"" style=""display:none;""><td id=""template_divisions_req_title_4"">
            ㆍ기타 필수 사항
        </td></tr><tr class=""display_req_4"" data-group=""recruit_division_4"" id=""template_divisions_req_4"" style=""display:none;""><td><table class=""tbl_list_type2""><tbody></tbody></table></td></tr></tbody></table><table class=""tbl_list display_pre_4"" data-group=""recruit_division_4"" id=""template_divisions_pre_4"" style=""display:none;""><tbody><tr><td><strong class=""tit"">우대사항</strong></td></tr><tr><td><table class=""tbl_list_type2 forward""><tbody></tbody></table></td></tr></tbody></table></td></tr><tr class=""recruit_division_0 tr_division"" data-key=""0""><td><div class=""tit_tbl""><strong class=""tit"" data-group=""recruit_division_0"" id=""template_divisions_recruitment_title_0"">DevOps 엔지니어</strong><span class=""txt"" data-group=""recruit_division_0"" id=""template_divisions_work_dept_nm_0""> 0명</span></div><table class=""tbl_list display_assign_task_nm_0"" data-group=""recruit_division_0"" id=""template_divisions_assign_task_nm_0"" style=""display:none;""><tbody><tr><td><strong class=""tit"">담당업무</strong></td></tr><tr><td>ㆍ</td></tr></tbody></table><table class=""tbl_list""><tbody><tr><td><strong class=""tit"" id=""template_divisions_qualification_title_0"">주요업무</strong></td></tr><tr><td><p ""apple="""" ""malgun="""" dotum,="""" gothic="""" gothic"",="""" neo"",="""" sans-serif;""="""" sd="""" style=""position: relative; font-size: 16px; color: rgb(51, 51, 51); line-height: 1.75; font-family: "" 고딕"",="""" 돋움,="""" 맑은="""">ㆍSRE(Site Reliablity Engineering) 업무로서 서비스들의 안정적 운영 지원하는 역할</p><p ""apple="""" ""malgun="""" dotum,="""" gothic="""" gothic"",="""" neo"",="""" sans-serif;""="""" sd="""" style=""position: relative; font-size: 16px; color: rgb(51, 51, 51); line-height: 1.75; font-family: "" 고딕"",="""" 돋움,="""" 맑은="""">ㆍ서비스 장애시간을 줄이고 가용성 확보</p><p ""apple="""" ""malgun="""" dotum,="""" gothic="""" gothic"",="""" neo"",="""" sans-serif;""="""" sd="""" style=""position: relative; font-size: 16px; color: rgb(51, 51, 51); line-height: 1.75; font-family: "" 고딕"",="""" 돋움,="""" 맑은="""">ㆍ서비스 성능향상을 위한 활동</p><p ""apple="""" ""malgun="""" dotum,="""" gothic="""" gothic"",="""" neo"",="""" sans-serif;""="""" sd="""" style=""position: relative; font-size: 16px; color: rgb(51, 51, 51); line-height: 1.75; font-family: "" 고딕"",="""" 돋움,="""" 맑은="""">ㆍ시스템 변경(배포, 인프라 등) 상태 모니터링 및 문제해결</p><p ""apple="""" ""malgun="""" dotum,="""" gothic="""" gothic"",="""" neo"",="""" sans-serif;""="""" sd="""" style=""position: relative; font-size: 16px; color: rgb(51, 51, 51); line-height: 1.75; font-family: "" 고딕"",="""" 돋움,="""" 맑은="""">ㆍ서비스 개발팀을 돕기위해 필요한 도구, 시스템, 프로세스 개발<br/><br type=""_moz""/></p><p ""apple="""" ""malgun="""" dotum,="""" gothic="""" gothic"",="""" neo"",="""" sans-serif;""="""" sd="""" style=""position: relative; font-size: 16px; color: rgb(51, 51, 51); line-height: 1.75; font-family: "" 고딕"",="""" 돋움,="""" 맑은=""""><span style=""font-weight: 700;"">자격요건</span></p><p ""apple="""" ""malgun="""" dotum,="""" gothic="""" gothic"",="""" neo"",="""" sans-serif;""="""" sd="""" style=""position: relative; font-size: 16px; color: rgb(51, 51, 51); line-height: 1.75; font-family: "" 고딕"",="""" 돋움,="""" 맑은="""">ㆍ하나 이상의 개발 언어에 능숙하고 개발 프로세스에 대한 이해가 있으신 분</p><p ""apple="""" ""malgun="""" dotum,="""" gothic="""" gothic"",="""" neo"",="""" sans-serif;""="""" sd="""" style=""position: relative; font-size: 16px; color: rgb(51, 51, 51); line-height: 1.75; font-family: "" 고딕"",="""" 돋움,="""" 맑은="""">ㆍ기본적인 Linux/Unix 명령 사용 능력</p><p ""apple="""" ""malgun="""" dotum,="""" gothic="""" gothic"",="""" neo"",="""" sans-serif;""="""" sd="""" style=""position: relative; font-size: 16px; color: rgb(51, 51, 51); line-height: 1.75; font-family: "" 고딕"",="""" 돋움,="""" 맑은="""">ㆍAPM, Tracing, Logging, Infra 모니터링 및 자동화 구축경험 보유자</p><p ""apple="""" ""malgun="""" dotum,="""" gothic="""" gothic"",="""" neo"",="""" sans-serif;""="""" sd="""" style=""position: relative; font-size: 16px; color: rgb(51, 51, 51); line-height: 1.75; font-family: "" 고딕"",="""" 돋움,="""" 맑은=""""><span 15px;""="""" dotum,="""" font-size:="""" gothic"",="""" gulim,="""" malgun="""" sans-serif;="""" style=""color: rgb(68, 68, 68); font-family: "">ㆍELK stack, grafana, </span>prometheus<span 68);""="""" 68,="""" color:="""" dotum,="""" gothic"",="""" gulim,="""" malgun="""" rgb(68,="""" sans-serif;="""" style=""font-family: ""><span style=""font-size: 15px;"">, jenkins kafka 구축 및 운영 경험 보유자</span></span></p><p ""apple="""" ""malgun="""" dotum,="""" gothic="""" gothic"",="""" neo"",="""" sans-serif;""="""" sd="""" style=""position: relative; font-size: 16px; color: rgb(51, 51, 51); line-height: 1.75; font-family: "" 고딕"",="""" 돋움,="""" 맑은=""""></p><p ""apple="""" ""malgun="""" dotum,="""" gothic="""" gothic"",="""" neo"",="""" sans-serif;""="""" sd="""" style=""position: relative; font-size: 16px; color: rgb(51, 51, 51); line-height: 1.75; font-family: "" 고딕"",="""" 돋움,="""" 맑은="""">ㆍElasticSearch, Redis 등 Nosql 구축 운영 경험 보유자<br/><br type=""_moz""/></p><p ""apple="""" ""malgun="""" dotum,="""" gothic="""" gothic"",="""" neo"",="""" sans-serif;""="""" sd="""" style=""position: relative; font-size: 16px; color: rgb(51, 51, 51); line-height: 1.75; font-family: "" 고딕"",="""" 돋움,="""" 맑은=""""><span style=""font-weight: 700;"">우대사항</span></p><p ""apple="""" ""malgun="""" dotum,="""" gothic="""" gothic"",="""" neo"",="""" sans-serif;""="""" sd="""" style=""position: relative; font-size: 16px; color: rgb(51, 51, 51); line-height: 1.75; font-family: "" 고딕"",="""" 돋움,="""" 맑은="""">ㆍinfrastructure as code 도구를 통한 인프라 운영 경험 (Terraform, Ansible, Packer, Docker, Kubernetes)</p><p ""apple="""" ""malgun="""" dotum,="""" gothic="""" gothic"",="""" neo"",="""" sans-serif;""="""" sd="""" style=""position: relative; font-size: 16px; color: rgb(51, 51, 51); line-height: 1.75; font-family: "" 고딕"",="""" 돋움,="""" 맑은="""">ㆍEKS, ECS, GKE 등 컨테이너 서비스의 구성 및 내부 구조에 대한 이해가 깊으신 분</p><p ""apple="""" ""malgun="""" dotum,="""" gothic="""" gothic"",="""" neo"",="""" sans-serif;""="""" sd="""" style=""position: relative; font-size: 16px; color: rgb(51, 51, 51); line-height: 1.75; font-family: "" 고딕"",="""" 돋움,="""" 맑은="""">ㆍAWS 인프라 운영 경험<br/></p><p ""apple="""" ""malgun="""" dotum,="""" gothic="""" gothic"",="""" neo"",="""" sans-serif;""="""" sd="""" style=""position: relative; font-size: 16px; color: rgb(51, 51, 51); line-height: 1.75; font-family: "" 고딕"",="""" 돋움,="""" 맑은="""">ㆍscouter, pinpoint 운영 경험</p><p ""apple="""" ""malgun="""" dotum,="""" gothic="""" gothic"",="""" neo"",="""" sans-serif;""="""" sd="""" style=""position: relative; font-size: 16px; color: rgb(51, 51, 51); line-height: 1.75; font-family: "" 고딕"",="""" 돋움,="""" 맑은=""""><br/></p></td></tr><tr class=""display_req_0"" style=""display:none;""><td id=""template_divisions_req_title_0"">
            ㆍ기타 필수 사항
        </td></tr><tr class=""display_req_0"" data-group=""recruit_division_0"" id=""template_divisions_req_0"" style=""display:none;""><td><table class=""tbl_list_type2""><tbody></tbody></table></td></tr></tbody></table><table class=""tbl_list display_pre_0"" data-group=""recruit_division_0"" id=""template_divisions_pre_0"" style=""display:none;""><tbody><tr><td><strong class=""tit"">우대사항</strong></td></tr><tr><td><table class=""tbl_list_type2 forward""><tbody></tbody></table></td></tr></tbody></table></td></tr></tbody></table></div>"
6,https://www.saramin.co.kr/zf_user/jobs/relay/view-detail?rec_idx=44201847&location=ts&searchword=%EB%8D%B0%EC%9D%B4%ED%84%B0+%EC%97%94%EC%A7%80%EB%8B%88%EC%96%B4&searchType=search&paid_fl=n&search_uuid=37b7270c-9ef1-47cf-8350-4cdb345f44d8&rec_seq=0&t_category=relay_view&t_content=view_detail&t_ref=&t_ref_content=,"<div class=""wrap_tbl_template""><table class=""tbl_template txt_type"" id=""divisionTable""><tbody><tr class=""recruit_division_1 tr_division"" data-key=""1""><td><div class=""tit_tbl""><strong class=""tit"" data-group=""recruit_division_1"" id=""template_divisions_recruitment_title_1"">플랫폼 인프라 개발 – Backend Engineer</strong><span class=""txt"" data-group=""recruit_division_1"" id=""template_divisions_work_dept_nm_1"">Clip ICT팀 2명</span></div><table class=""tbl_list display_assign_task_nm_1"" data-group=""recruit_division_1"" id=""template_divisions_assign_task_nm_1"" style=""display:none;""><tbody><tr><td><strong class=""tit"">담당업무</strong></td></tr><tr><td>ㆍ</td></tr></tbody></table><table class=""tbl_list""><tbody><tr><td><strong class=""tit"" id=""template_divisions_qualification_title_1""></strong></td></tr><tr><td><span data-group=""recruit_division_1"" id=""template_divisions_JobGrade_1""><span class=""tit"" id=""template_divisions_qualification_title_0""><b>업무내용</b><br/><span class=""tit"" id=""template_divisions_qualification_title_0"" style="""">ㆍCTK의 핵심 플랫폼인 CLIP의 Core Infra. 추가 기능 개발</span><span class=""tit"" id=""template_divisions_qualification_title_0"" style="""">ㆍ자사 플랫폼과 타사 시스템/솔루션과의 연동 개발</span><br/><b>지원자격</b></span>ㆍ경력 : 백앤드 개발 경력 3년 이상<span data-group=""recruit_division_0"" id=""template_divisions_JobGrade_0"">(대리, 과장급)</span><br/>ㆍ Rest API 개발 경험이 있으신 분<br/>ㆍMVC 구조에 대한 이해가 있고, 해당 구조에 맞춰 개발한 경험이 있으신 분<br/>ㆍ라라벨 프레임워크를 이용하여 상용 서비스를 개발한 경험이 있으신 분<br/>ㆍDocker를 이용하여 개발 환경을 구축하고 개발한 경험이 있으신 분<br/>ㆍGit을 통하여 코드를 공유하고 배포한 경험이 있으신 분<br/>ㆍMySql 계열 RDBMS를 사용하여 개발한 경험이 있으신 분<br/>ㆍAWS서비스를 사용한 경험이 있으신 분<br/><br/><b>우대 조건<font color=""#0b7fcc""></font></b><br/>ㆍSpring 프레임워크를 이용하여 상용 서비스를 개발한 경험<br/>   (또는 라라벨 외에 하나 이상의 다른 MVC구조의 프레임워크 사용 경험)<br/>ㆍ파이썬에 대한 이해가 있거나 사용 경험이 있으신 분<br/>ㆍNoSql DB에 대한 이해가 있거나 사용 경험이 있으신 분<br/>ㆍ다른 언어나 기술에 대해 배우고 사용하는 것에 대해 거부감이 없으신 분<br/>ㆍ영어 커뮤니케이션이 가능한 분<br/></span></td></tr><tr class=""display_req_1"" style=""display:none;""><td id=""template_divisions_req_title_1"">
            ㆍ기타 필수 사항
        </td></tr><tr class=""display_req_1"" data-group=""recruit_division_1"" id=""template_divisions_req_1"" style=""display:none;""><td><table class=""tbl_list_type2""><tbody></tbody></table></td></tr></tbody></table><table class=""tbl_list display_pre_1"" data-group=""recruit_division_1"" id=""template_divisions_pre_1"" style=""display:none;""><tbody><tr><td><strong class=""tit"">우대사항</strong></td></tr><tr><td><table class=""tbl_list_type2 forward""><tbody></tbody></table></td></tr></tbody></table></td></tr><tr class=""recruit_division_0 tr_division"" data-key=""0""><td><div class=""tit_tbl""><strong class=""tit"" data-group=""recruit_division_0"" id=""template_divisions_recruitment_title_0""><strong class=""tit"" data-group=""recruit_division_1"" id=""template_divisions_recruitment_title_1"">웹서비스 개발 – Backend Engineer<br/></strong></strong><span class=""txt"" data-group=""recruit_division_0"" id=""template_divisions_work_dept_nm_0"">Clip ICT팀 1명<br/></span></div><table class=""tbl_list display_assign_task_nm_0"" data-group=""recruit_division_0"" id=""template_divisions_assign_task_nm_0"" style=""display:none;""><tbody><tr><td><strong class=""tit"">담당업무</strong></td></tr><tr><td>ㆍ</td></tr></tbody></table><table class=""tbl_list""><tbody><tr><td><span class=""tit"" id=""template_divisions_qualification_title_0""><b style=""font-weight: bold;"">업무내용</b><br/>ㆍCTKCLIP.COM에서 제공하는 다양한 서비스의 Backend 개발<br/><br/><b>지원자격</b></span></td></tr><tr><td><span data-group=""recruit_division_0"" id=""template_divisions_Career_0"">ㆍ경력 : 백앤드 개발 경력 3년 이상</span><span data-group=""recruit_division_0"" id=""template_divisions_JobGrade_0"">(대리급)<br/>ㆍ프론트앤드 개발에 대한 이해가 있고 협업하여 프로젝트를 진행한 경험이 있으신 분<br/>ㆍMVC 구조에 대한 이해가 있고, 해당 구조에 맞춰 개발한 경험이 있으신 분<br/>ㆍ라라벨 프레임워크를 이용하여 상용 서비스를 개발한 경험이 있으신 분<br/>ㆍGit을 통하여 코드를 공유하고 배포한 경험이 있으신 분<br/>ㆍMySql 계열 RDBMS를 사용하여 개발한 경험이 있으신 분<br/><br/><b>우대 조건<font color=""#2da86a""></font><br/></b>ㆍReact를 사용해보았거나 이해가 있는 분<b><br/></b>ㆍ다른 언어나 기술에 대해 배우고 사용하는 것에 대해 거부감이 없으신 분<b><br/></b>ㆍ영어 커뮤니케이션이 가능한 분<br/></span></td></tr><tr class=""display_req_0"" style=""display:none;""><td id=""template_divisions_req_title_0"">
            ㆍ기타 필수 사항
        </td></tr><tr class=""display_req_0"" data-group=""recruit_division_0"" id=""template_divisions_req_0"" style=""display:none;""><td><table class=""tbl_list_type2""><tbody></tbody></table></td></tr></tbody></table><table class=""tbl_list display_pre_0"" data-group=""recruit_division_0"" id=""template_divisions_pre_0"" style=""display: none;""><tbody><tr><td><strong class=""tit"">우대사항</strong></td></tr><tr><td><table class=""tbl_list_type2 forward""><tbody><tr><td>ㆍ해당직무 근무경험</td></tr></tbody></table></td></tr></tbody></table></td></tr><tr class=""recruit_division_2 tr_division"" data-key=""2""><td><div class=""tit_tbl""><strong class=""tit"" data-group=""recruit_division_2"" id=""template_divisions_recruitment_title_2"">웹서비스 개발 Lead – Front Engineer</strong><span class=""txt"" data-group=""recruit_division_2"" id=""template_divisions_work_dept_nm_2"">Clip ICT팀 1명</span></div><table class=""tbl_list display_assign_task_nm_2"" data-group=""recruit_division_2"" id=""template_divisions_assign_task_nm_2"" style=""display:none;""><tbody><tr><td><strong class=""tit"">담당업무</strong></td></tr><tr><td>ㆍ</td></tr></tbody></table><table class=""tbl_list""><tbody><tr><td><span class=""tit"" id=""template_divisions_qualification_title_2""><b style=""font-weight: bold;"">업무내용</b><br/>ㆍCTKCLIP.COM에서 제공하는 다양한 서비스의 Frontend 개발<br/>ㆍBackend 개발자와 서비스 구조 협의<br/>ㆍ기획/디자인 부서와 서비스 개발 방향 협의<br/><br/><b>지원자격</b></span></td></tr><tr><td><span data-group=""recruit_division_2"" id=""template_divisions_Career_2"">ㆍ경력 : 프론트앤드 개발 경력 5년 이상</span><span data-group=""recruit_division_2"" id=""template_divisions_JobGrade_2"">(차장급)<br/>ㆍHTML, CSS, ja<!--x-->vasc<!--x-->ript, 그리고 Typesc<!--x-->ript에 대해 이해하고 계신 분<br/>ㆍReact를 사용하여 상용서비스를 런칭하고 운영해보신 분<br/>ㆍRest API에 대해 이해하고 계신 분<br/>ㆍGit을 통하여 코드를 공유하고 배포한 경험이 있으신 분<br/>ㆍMySql 계열 RDBMS를 사용하여 개발한 경험이 있으신 분<br/>ㆍ다양한 부서와의 커뮤니케이션이 원활한 분<br/><br/><b>우대 조건</b><br/>ㆍ다른 언어나 기술에 대해 배우고 사용하는 것에 대해 거부감이 없으신 분<br/>ㆍ웹접근성, 웹표준을 고려한 UI/UX 개발 경험 있으신 분<br/>ㆍ영어 커뮤니케이션이 가능한 분<br/></span></td></tr><tr class=""display_req_2"" style=""display:none;""><td id=""template_divisions_req_title_2"">
            ㆍ기타 필수 사항
        </td></tr><tr class=""display_req_2"" data-group=""recruit_division_2"" id=""template_divisions_req_2"" style=""display:none;""><td><table class=""tbl_list_type2""><tbody></tbody></table></td></tr></tbody></table><table class=""tbl_list display_pre_2"" data-group=""recruit_division_2"" id=""template_divisions_pre_2"" style=""display:none;""><tbody><tr><td><strong class=""tit"">우대사항</strong></td></tr><tr><td><table class=""tbl_list_type2 forward""><tbody></tbody></table></td></tr></tbody></table></td></tr><tr class=""recruit_division_3 tr_division"" data-key=""3""><td><div class=""tit_tbl""><strong class=""tit"" data-group=""recruit_division_3"" id=""template_divisions_recruitment_title_3"">웹서비스 개발 - Front Engineer</strong><span class=""txt"" data-group=""recruit_division_3"" id=""template_divisions_work_dept_nm_3"">Clip ICT팀 1명</span></div><table class=""tbl_list display_assign_task_nm_3"" data-group=""recruit_division_3"" id=""template_divisions_assign_task_nm_3"" style=""display:none;""><tbody><tr><td><strong class=""tit"">담당업무</strong></td></tr><tr><td>ㆍ</td></tr></tbody></table><table class=""tbl_list""><tbody><tr><td><span class=""tit"" id=""template_divisions_qualification_title_3""><b style=""font-weight: bold;"">업무내용</b><br/>​ㆍCTKCLIP.COM에서 제공하는 다양한 서비스의 Frontend 개발<br/><br/><b>지원자격</b></span></td></tr><tr><td><span data-group=""recruit_division_3"" id=""template_divisions_Career_3"">ㆍ경력 : 프론트앤드 개발 경력 3년 이상</span><span data-group=""recruit_division_3"" id=""template_divisions_JobGrade_3"">(대리급)<br/>ㆍHTML, CSS, ja<!--x-->vasc<!--x-->ript, 그리고 Typesc<!--x-->ript에 대해 이해하고 계신 분<br/>ㆍReact 로 서비스를 개발한 경험이 있으신 분<br/>ㆍGit을 통하여 코드를 공유하고 배포한 경험이 있으신 분<br/><br/><b>우대 조건</b><br/>ㆍ다른 언어나 기술에 대해 배우고 사용하는 것에 대해 거부감이 없으신 분<br/>ㆍ웹퍼블리싱 경력이 있으신 분<br/>ㆍ영어 커뮤니케이션이 가능한 분<br/></span></td></tr><tr class=""display_req_3"" style=""display:none;""><td id=""template_divisions_req_title_3"">
            ㆍ기타 필수 사항
        </td></tr><tr class=""display_req_3"" data-group=""recruit_division_3"" id=""template_divisions_req_3"" style=""display:none;""><td><table class=""tbl_list_type2""><tbody></tbody></table></td></tr></tbody></table><table class=""tbl_list display_pre_3"" data-group=""recruit_division_3"" id=""template_divisions_pre_3"" style=""display:none;""><tbody><tr><td><strong class=""tit"">우대사항</strong></td></tr><tr><td><table class=""tbl_list_type2 forward""><tbody></tbody></table></td></tr></tbody></table></td></tr><tr class=""recruit_division_4 tr_division"" data-key=""4""><td><div class=""tit_tbl""><strong class=""tit"" data-group=""recruit_division_4"" id=""template_divisions_recruitment_title_4"">웹서비스 개발 - Front Enginee(jr)</strong><span class=""txt"" data-group=""recruit_division_4"" id=""template_divisions_work_dept_nm_4"">Clip ICT팀 1명</span></div><table class=""tbl_list display_assign_task_nm_4"" data-group=""recruit_division_4"" id=""template_divisions_assign_task_nm_4"" style=""display:none;""><tbody><tr><td><strong class=""tit"">담당업무</strong></td></tr><tr><td>ㆍ</td></tr></tbody></table><table class=""tbl_list""><tbody><tr><td><span class=""tit"" id=""template_divisions_qualification_title_4""><b style=""font-weight: bold;"">업무내용<br/></b>ㆍCTKCLIP.COM에서 제공하는 다양한 서비스의 Frontend 개발<br/><br/><b>지원자격</b></span></td></tr><tr><td><span data-group=""recruit_division_4"" id=""template_divisions_Career_4"">ㆍ경력 : 신입 </span><span data-group=""recruit_division_4"" id=""template_divisions_JobGrade_4"">(사원급)<br/>ㆍMVC구조에 대한 이해가 있는 분<br/>ㆍRDBMS에 대한 이해가 있는 분<br/>ㆍHTML, CSS, ja<!--x-->vasc<!--x-->ript에 대한 이해가 있는 분<br/>ㆍGit을 통하여 코드를 공유하고 배포한 경험이 있으신 분<br/><br/><b>우대 조건<br/></b>ㆍ다른 언어나 기술에 대해 배우고 사용하는 것에 대해 거부감이 없으신 분<br/>ㆍ영어 커뮤니케이션이 가능한 분<br/></span></td></tr><tr class=""display_req_4"" style=""display:none;""><td id=""template_divisions_req_title_4"">
            ㆍ기타 필수 사항
        </td></tr><tr class=""display_req_4"" data-group=""recruit_division_4"" id=""template_divisions_req_4"" style=""display:none;""><td><table class=""tbl_list_type2""><tbody></tbody></table></td></tr></tbody></table><table class=""tbl_list display_pre_4"" data-group=""recruit_division_4"" id=""template_divisions_pre_4"" style=""display:none;""><tbody><tr><td><strong class=""tit"">우대사항</strong></td></tr><tr><td><table class=""tbl_list_type2 forward""><tbody></tbody></table></td></tr></tbody></table></td></tr><tr class=""recruit_division_5 tr_division"" data-key=""5""><td><div class=""tit_tbl""><strong class=""tit"" data-group=""recruit_division_5"" id=""template_divisions_recruitment_title_5"">Data Platform Engineer</strong><span class=""txt"" data-group=""recruit_division_5"" id=""template_divisions_work_dept_nm_5"">Clip ICT팀 1명</span></div><table class=""tbl_list display_assign_task_nm_5"" data-group=""recruit_division_5"" id=""template_divisions_assign_task_nm_5"" style=""display:none;""><tbody><tr><td><strong class=""tit"">담당업무</strong></td></tr><tr><td>ㆍ</td></tr></tbody></table><table class=""tbl_list""><tbody><tr><td><span class=""tit"" id=""template_divisions_qualification_title_5""><b>업무내용</b><br/>​ㆍCTKCLIP.COM의 데이터 플랫폼 영역 설계,개발,운영 리딩<br/>ㆍCTKCLIP.COM의 데이터 처리 플랫폼 Tech Stack 정의 및 리딩<br/><br/><b>지원자격<br/></b></span></td></tr><tr><td><span data-group=""recruit_division_5"" id=""template_divisions_Career_5"">ㆍ경력 : 경력 5년 이상</span><span data-group=""recruit_division_5"" id=""template_divisions_JobGrade_5"">(차장급)<br/>ㆍData Engineer 개발 경력 5년 혹은 그에 준하는 실력이 있으신 분<br/>ㆍ검색어 데이터 처리 경험이 있거나 로직에 대한 이해가 있는 분<br/>ㆍ자연어 처리(형태소 분석) 경험이 있거나 이해가 있는 분<br/>ㆍ데이터 처리 플랫폼 구축 경험이 있는 분<br/>ㆍJava, Go, Python, Scala 중 최소한 하나의 언어가 익숙한 분<br/><br/><b>우대 조건<br/></b>ㆍ전산학/컴퓨터공학 전공자<br/>ㆍ영어 커뮤니케이션이 가능한 분<br/>ㆍ다른 언어나 기술에 대해 배우고 사용하는 것에 대해 거부감이 없으신 분<br/>ㆍAWS, Terraform, AWS CDK 등의 클라우드 인프라 기술을 사용한 경험이 있는 분<br/>ㆍ데이터 품질 모니터링을 위한 플랫폼 개발 및 운영 경험이 있으신 분(prometheus, grafana,elasticsearch, kibana)<br/>ㆍ워크로드에 최적화된 NoSQL 도입 및 운영 경험이 있으신 분(DynamoDB, MongoDB,HBase, cassandra)<br/></span></td></tr><tr class=""display_req_5"" style=""display:none;""><td id=""template_divisions_req_title_5"">
            ㆍ기타 필수 사항
        </td></tr><tr class=""display_req_5"" data-group=""recruit_division_5"" id=""template_divisions_req_5"" style=""display:none;""><td><table class=""tbl_list_type2""><tbody></tbody></table></td></tr></tbody></table><table class=""tbl_list display_pre_5"" data-group=""recruit_division_5"" id=""template_divisions_pre_5"" style=""display:none;""><tbody><tr><td><strong class=""tit"">우대사항</strong></td></tr><tr><td><table class=""tbl_list_type2 forward""><tbody></tbody></table></td></tr></tbody></table></td></tr><tr class=""recruit_division_6 tr_division"" data-key=""6""><td><div class=""tit_tbl""><strong class=""tit"" data-group=""recruit_division_6"" id=""template_divisions_recruitment_title_6"">Data Engineer</strong><span class=""txt"" data-group=""recruit_division_6"" id=""template_divisions_work_dept_nm_6"">Clip ICT팀 1명</span></div><table class=""tbl_list display_assign_task_nm_6"" data-group=""recruit_division_6"" id=""template_divisions_assign_task_nm_6"" style=""display:none;""><tbody><tr><td><strong class=""tit"">담당업무</strong></td></tr><tr><td>ㆍ</td></tr></tbody></table><table class=""tbl_list""><tbody><tr><td><span class=""tit"" id=""template_divisions_qualification_title_6""><b>업무내용</b><br/>​ㆍCTKCLIP.COM의 데이터 정제/분석/처리하여 API형태로 제공<br/>ㆍCTKCLIP.COM의 데이터 파이프라인 유지보수<br/><br/><b>지원자격</b></span></td></tr><tr><td><span data-group=""recruit_division_6"" id=""template_divisions_Career_6"">ㆍ경력 : 경력 3년 이상</span><span data-group=""recruit_division_6"" id=""template_divisions_JobGrade_6"">(대리, 과장급)<br/>ㆍData Engineer 개발 경력 3년 이상 혹은 그에 준하는 실력이 있으신 분<br/>ㆍBackend Engineer 개발 경력 3년 이상 혹은 그에 준하는 실력이 있으신 분<br/>ㆍ검색어 데이터 처리 경험이 있거나 로직에 대한 이해가 있는 분<br/>ㆍ자연어 처리(형태소 분석) 경험이 있거나 이해가 있는 분<br/>ㆍJava, Python, PHP, Go 중 1개 이상의 언어로 API개발한 경험이 있는 분<br/><br/><b>우대 조건</b><br/>ㆍ전산학/컴퓨터공학 전공자<br/>ㆍ영어 커뮤니케이션이 가능한 분<br/>ㆍ다른 언어나 기술에 대해 배우고 사용하는 것에 대해 거부감이 없으신 분<br/></span></td></tr><tr class=""display_req_6"" style=""display:none;""><td id=""template_divisions_req_title_6"">
            ㆍ기타 필수 사항
        </td></tr><tr class=""display_req_6"" data-group=""recruit_division_6"" id=""template_divisions_req_6"" style=""display:none;""><td><table class=""tbl_list_type2""><tbody></tbody></table></td></tr></tbody></table><table class=""tbl_list display_pre_6"" data-group=""recruit_division_6"" id=""template_divisions_pre_6"" style=""display:none;""><tbody><tr><td><strong class=""tit"">우대사항</strong></td></tr><tr><td><table class=""tbl_list_type2 forward""><tbody></tbody></table></td></tr></tbody></table></td></tr></tbody></table></div>"
7,https://www.saramin.co.kr/zf_user/jobs/relay/view-detail?rec_idx=44154340&location=ts&searchword=%EB%8D%B0%EC%9D%B4%ED%84%B0+%EC%97%94%EC%A7%80%EB%8B%88%EC%96%B4&searchType=search&paid_fl=n&search_uuid=37b7270c-9ef1-47cf-8350-4cdb345f44d8&rec_seq=0&t_category=relay_view&t_content=view_detail&t_ref=&t_ref_content=,"<div class=""wrap_tbl_template""><table class=""tbl_template txt_type"" id=""divisionTable""><tbody><tr id=""common_table""><td><div class=""tit_tbl""><strong class=""tit"" id=""template_common_qualification_title"">담당업무</strong></div><table class=""tbl_list""><tbody><tr><td id=""template_common_education"">1. 스플렁크 설계 및 운영 기술지원<br/>2. 고객응대 및 기술자문<br/>3. 고객사 상주 지원</td></tr></tbody></table></td></tr><tr class=""recruit_division_0 tr_division"" data-key=""0"" style=""display: table-row;""><td><div class=""tit_tbl""><strong class=""tit"" data-group=""recruit_division_0"" id=""template_divisions_recruitment_title_0"">자격요건 및 우대사항</strong><span class=""txt"" data-group=""recruit_division_0"" id=""template_divisions_work_dept_nm_0""><br/></span></div><table class=""tbl_list display_assign_task_nm_0"" data-group=""recruit_division_0"" id=""template_divisions_assign_task_nm_0"" style=""display: none;""><tbody><tr><td><strong class=""tit"">담당업무</strong></td></tr><tr><td>ㆍ</td></tr></tbody></table><table class=""tbl_list""><tbody><tr><td><span class=""tit"" id=""template_divisions_qualification_title_0"">1. 학력무관<br/>2. 신입 및 경력<br/>3. 빅데이터솔루션 사용경력 우대<br/>4. 모니터링 시스템 운영 경험 우대<br/>5. 정보처리기사 우대</span></td></tr><tr><td><br/></td></tr><tr class=""display_req_0"" style=""display: none;""><td id=""template_divisions_req_title_0"">
            ㆍ기타 필수 사항
        </td></tr><tr class=""display_req_0"" data-group=""recruit_division_0"" id=""template_divisions_req_0"" style=""display: none;""><td><table class=""tbl_list_type2""><tbody></tbody></table></td></tr></tbody></table><table class=""tbl_list display_pre_0"" data-group=""recruit_division_0"" id=""template_divisions_pre_0"" style=""display: none;""><tbody><tr><td><strong class=""tit"">우대사항</strong></td></tr><tr><td><table class=""tbl_list_type2 forward""><tbody></tbody></table></td></tr></tbody></table></td></tr></tbody></table></div>"
8,https://www.saramin.co.kr/zf_user/jobs/relay/view-detail?rec_idx=44188499&location=ts&searchword=%EB%8D%B0%EC%9D%B4%ED%84%B0+%EC%97%94%EC%A7%80%EB%8B%88%EC%96%B4&searchType=search&paid_fl=n&search_uuid=37b7270c-9ef1-47cf-8350-4cdb345f44d8&rec_seq=0&t_category=relay_view&t_content=view_detail&t_ref=&t_ref_content=,"<div class=""wrap_tbl_template""><table class=""tbl_template txt_type"" id=""divisionTable""><tbody><tr id=""common_table""><td><div class=""tit_tbl""><strong class=""tit"" id=""template_common_qualification_title"">공통 자격요건</strong></div><table class=""tbl_list""><tbody><tr><td id=""template_common_education""><span style=""font-size: 11pt;"">- 학력 : 대졸 이상 (4년)</span><br/><span style=""font-size: 11pt;"">- 경력:  2년 ~ 11년</span></td></tr></tbody></table></td></tr><tr class=""recruit_division_0 tr_division"" data-key=""0""><td><div class=""tit_tbl""><span class=""tit"" data-group=""recruit_division_0"" id=""template_divisions_recruitment_title_0"">[PTKOREA] 데이터 엔지니어 (계약)</span><span class=""txt"" data-group=""recruit_division_0"" id=""template_divisions_work_dept_nm_0""> 0명</span></div><br/><table class=""tbl_list display_assign_task_nm_0"" data-group=""recruit_division_0"" id=""template_divisions_assign_task_nm_0"" style=""""><tbody><tr><td><strong class=""tit"">담당업무</strong></td></tr><tr><td><span style=""font-size: 11pt;"">- 웹 기반 애드테크 솔루션 개발(python / golang / redis, SQL) </span><br/><span style=""font-size: 11pt;"">- 매체 최적화 예측 알고리즘 연구 <font color=""#0b7fcc""></font></span><br/><span style=""font-size: 11pt;"">- Linux 기반 서비스 유지 운영 </span><br/><span style=""font-size: 11pt;"">- 디지털 미디어 관련 기술지원</span><br/><br/><span class=""tit""><b>자격요건</b><br/><span class=""tit"" style=""font-size: 11pt;"">- 프로그래밍이 가능하신 분 </span><span class=""tit"" style=""font-size: 11pt;"">- 데이터 관련 프로젝트 경험 갖추신 분 (학습 커리큘럼 포함)</span><span class=""tit"" style=""font-size: 11pt;"">- 영문 기술 문서의 독해가 가능하신 분</span><span class=""tit"" style=""""><span style=""font-size: 11pt;"">- github, bitbucket 계정 또는 소스코드 포함된 포트폴리오 첨부 必</span><br/><br/></span><span class=""tit"" style=""display: inline !important;""><span class=""tit"" style=""display: inline !important;""><b>우대사항</b><br/><span class=""tit"" style=""font-size: 11pt;"">- 개인 프로젝트, 오픈소스 프로젝트 경험자 우대</span><span class=""tit"" style=""font-size: 11pt;"">- 스타트업 경력 우대</span><span class=""tit"" style=""font-size: 11pt;"">- 데이터 솔루션 개발/운영 경험 우대</span><span class=""tit"" style=""""><span style=""font-size: 11pt;"">- 디지털 미디어 관련 경험 우대</span><br/><br/></span></span><b>복리후생<br/></b><span class=""tit"" style=""font-size: 11pt;"">- 복지 포인트 연간 기준 70만원 지급</span><span class=""tit"" style=""font-size: 11pt;"">- 통신비, 체력단련비 매월 일정액 지원 </span><span class=""tit"" style=""font-size: 11pt;"">- 유동적 변동 성과급 지급</span><span class=""tit"" style=""font-size: 11pt;"">- 임직원 전용 식당 운영 (식대 보조)<font color=""#2da86a""></font><font color=""#08cab6""></font><font color=""#08cab6""></font><font color=""#08cab6""></font></span><span class=""tit"" style=""font-size: 11pt;"">- 임직원 전용 진료실 지원</span><span class=""tit"" style=""font-size: 11pt;"">- 임직원 건강검진 지원, 단체상해보험 가입</span><span class=""tit"" style=""font-size: 11pt;"">- 각종 경조사 지원</span><span class=""tit"" style=""font-size: 11pt;"">- 어학, 직무관련 교육비&amp;시험비 실비 지원</span><span class=""tit"" style=""font-size: 11pt;"">- 유연근로시간제 운영</span></span></span></td></tr></tbody></table><table class=""tbl_list display_pre_0"" data-group=""recruit_division_0"" id=""template_divisions_pre_0"" style=""display:none;""><tbody><tr><td><strong class=""tit"">우대사항</strong></td></tr><tr><td><table class=""tbl_list_type2 forward""><tbody></tbody></table></td></tr></tbody></table></td></tr></tbody></table></div>"
9,https://www.saramin.co.kr/zf_user/jobs/relay/view-detail?rec_idx=44182934&location=ts&searchword=%EB%8D%B0%EC%9D%B4%ED%84%B0+%EC%97%94%EC%A7%80%EB%8B%88%EC%96%B4&searchType=search&paid_fl=n&search_uuid=37b7270c-9ef1-47cf-8350-4cdb345f44d8&rec_seq=0&t_category=relay_view&t_content=view_detail&t_ref=&t_ref_content=,"<div class=""wrap_tbl_template""><table class=""tbl_template txt_type"" id=""divisionTable""><tbody><tr id=""common_table""><td><div class=""tit_tbl""><strong class=""tit"" id=""template_common_qualification_title""><br/></strong></div><table class=""tbl_template txt_type __se_tbl_ext"" id=""divisionTable"" style=""color: rgb(34, 34, 34); line-height: 12px; font-size: 12px;""><tbody><tr id=""common_table""><td></td></tr></tbody></table></td></tr><tr class=""recruit_division_1 tr_division"" data-key=""1""><td><div class=""tit_tbl""><strong class=""tit"" data-group=""recruit_division_1"" id=""template_divisions_recruitment_title_1"">데이터 엔지니어</strong><span class=""txt"" data-group=""recruit_division_1"" id=""template_divisions_work_dept_nm_1""> 0명</span></div><table class=""tbl_list display_assign_task_nm_1"" data-group=""recruit_division_1"" id=""template_divisions_assign_task_nm_1"" style=""display: none;""><tbody><tr><td><strong class=""tit"">담당업무</strong></td></tr><tr><td><strong>ㆍ</strong></td></tr></tbody></table><table class=""tbl_list""><tbody><tr><td><strong class=""tit"" id=""template_divisions_qualification_title_1""><br/></strong></td></tr><tr><td><span data-group=""recruit_division_1"" id=""template_divisions_Career_1""><span data-group=""recruit_division_0"" id=""template_divisions_Career_0"">■ <b>수행업무 </b><br/>LG계열사 DW관련 SI/SM 사업 수행<br/>Bigata / DataLake 데이터 파이프라인 구축<font color=""#2da86a""></font><br/>DW/DataMart 설계,개발<br/><br/>■ <b>지원요건 </b><br/><b>[ <u>필수</u> - BI/DW 데이터 설계 or ETL ]</b><br/>   - DW/DM 분석/설계 경험 또는 <br/>   - ETL Tool ( Informatica, Datastage, Terasteam 등 ) 또는 SQL, PL/SQL 활용한 DW / BigData  정보계 프로젝트 <br/>     데이터 Migration / ETL 경험 보유<br/><br/><b>[ <u>우대</u> - BI/DW 관련 on-premise or 클라우드 솔루션 구축 경험 ]</b><br/>  - OLAP ( MSTR, BI-MATRIX 등 ),   BI ( Tableau, Power BI, Spotfire등 ) 개발/운영 경험 보유<br/>  - Spark, Python 기반 데이터 파이프라인 구축 경험 <br/>  - AWS / GCP / AZURE 등 클라우드 기반 빅데이터 구축 경험 ( S3, RedShift, GCS, Big Query ) <br/>  - Hadoop, Vertica, Sybase 등 다양한 DB기반 구축 경험 <br/></span></span></td></tr><tr class=""display_req_1"" style=""display: none;""><td id=""template_divisions_req_title_1"">
            ㆍ기타 필수 사항
        </td></tr><tr class=""display_req_1"" data-group=""recruit_division_1"" id=""template_divisions_req_1"" style=""display: none;""><td><table class=""tbl_list_type2""><tbody></tbody></table></td></tr></tbody></table><table class=""tbl_list display_pre_1"" data-group=""recruit_division_1"" id=""template_divisions_pre_1"" style=""display: none;""><tbody><tr><td><strong class=""tit"">우대사항</strong></td></tr><tr><td><table class=""tbl_list_type2 forward""><tbody></tbody></table></td></tr></tbody></table></td></tr></tbody></table></div>"
10,https://www.saramin.co.kr/zf_user/jobs/relay/view-detail?rec_idx=44216874&location=ts&searchword=%EB%8D%B0%EC%9D%B4%ED%84%B0+%EC%97%94%EC%A7%80%EB%8B%88%EC%96%B4&searchType=search&paid_fl=n&search_uuid=37b7270c-9ef1-47cf-8350-4cdb345f44d8&rec_seq=0&t_category=relay_view&t_content=view_detail&t_ref=&t_ref_content=,"<div class=""wrap_tbl_template""><table class=""tbl_template"" id=""divisionTable""><colgroup><col width=""184""/><col/></colgroup><thead><tr><th scope=""col"">모집부문</th><th scope=""col"">상세내용</th></tr></thead><tbody><tr id=""common_table""><th scope=""row""><strong class=""tit"" id=""template_common_qualification_title"">공통 자격요건</strong></th><td><table class=""tbl_list""><tbody><tr><td id=""template_common_education"">ㆍ학력 : 대졸 이상 (4년)</td></tr></tbody></table></td></tr><tr class=""recruit_division_0 tr_division"" data-key=""0"" style=""display: table-row;""><th scope=""row""><strong class=""tit"" data-group=""recruit_division_0"" id=""template_divisions_recruitment_title_0"">S/W F/W 엔지니어</strong><span class=""txt"" data-group=""recruit_division_0"" id=""template_divisions_work_dept_nm_0"">S/W팀 0명</span></th><td><table class=""tbl_list display_assign_task_nm_0"" data-group=""recruit_division_0"" id=""template_divisions_assign_task_nm_0""><tbody><tr><td><strong class=""tit"">담당업무</strong></td></tr><tr><td>ㆍ임베디드 시스템 S/W, F/W 개발 <br/>ㆍ전장/제어시스템 S/W, F/W 개발<br/>ㆍTCP/IP기반 통신 시스템 S/W개발<br/>ㆍMultimedia(Audio/Video) 시스템 S/W개발</td></tr></tbody></table><table class=""tbl_list""><tbody><tr><td><strong class=""tit"" id=""template_divisions_qualification_title_0"">지원자격</strong></td></tr><tr><td><span data-group=""recruit_division_0"" id=""template_divisions_Career_0"">ㆍ경력 : 무관 (신입도 지원 가능)</span><span data-group=""recruit_division_0"" id=""template_divisions_JobGrade_0""></span></td></tr><tr class=""display_req_0"" style=""display:none;""><td id=""template_divisions_req_title_0"">
            ㆍ기타 필수 사항
        </td></tr><tr class=""display_req_0"" data-group=""recruit_division_0"" id=""template_divisions_req_0"" style=""display:none;""><td><table class=""tbl_list_type2""><tbody></tbody></table></td></tr></tbody></table><table class=""tbl_list display_pre_0"" data-group=""recruit_division_0"" id=""template_divisions_pre_0""><tbody><tr><td><strong class=""tit"">우대사항</strong></td></tr><tr><td><table class=""tbl_list_type2 forward""><tbody><tr><td>ㆍ 임베디드 시스템 개발 경험자 우대 <br/>ㆍ 네트워크 관련 개발 경험자 우대</td></tr></tbody></table></td></tr></tbody></table></td></tr><tr class=""recruit_division_1 tr_division"" data-key=""1"" style=""display: table-row;""><th scope=""row""><strong class=""tit"" data-group=""recruit_division_1"" id=""template_divisions_recruitment_title_1"">H/W 엔지니어</strong><span class=""txt"" data-group=""recruit_division_1"" id=""template_divisions_work_dept_nm_1"">H/W팀 0명</span></th><td><table class=""tbl_list display_assign_task_nm_1"" data-group=""recruit_division_1"" id=""template_divisions_assign_task_nm_1""><tbody><tr><td><strong class=""tit"">담당업무</strong></td></tr><tr><td>ㆍ임베디드 시스템 H/W 개발<br/>ㆍ전장/제어시스템 H/W 개발<br/>ㆍ 통신시스템H/W 개발<br/>ㆍ Multimedia(Audio/Video) 시스템 H/W 개발</td></tr></tbody></table><table class=""tbl_list""><tbody><tr><td><strong class=""tit"" id=""template_divisions_qualification_title_1"">지원자격</strong></td></tr><tr><td><span data-group=""recruit_division_1"" id=""template_divisions_Career_1"">ㆍ경력 : 무관 (신입도 지원 가능)</span><span data-group=""recruit_division_1"" id=""template_divisions_JobGrade_1""></span></td></tr><tr class=""display_req_1"" style=""display:none;""><td id=""template_divisions_req_title_1"">
            ㆍ기타 필수 사항
        </td></tr><tr class=""display_req_1"" data-group=""recruit_division_1"" id=""template_divisions_req_1"" style=""display:none;""><td><table class=""tbl_list_type2""><tbody></tbody></table></td></tr></tbody></table><table class=""tbl_list display_pre_1"" data-group=""recruit_division_1"" id=""template_divisions_pre_1""><tbody><tr><td><strong class=""tit"">우대사항</strong></td></tr><tr><td><table class=""tbl_list_type2 forward""><tbody><tr><td>ㆍ Embedded Processor 기반의 하드웨어 설계 경험자 우대</td></tr></tbody></table></td></tr></tbody></table></td></tr><tr class=""recruit_division_2 tr_division"" data-key=""2"" style=""display: table-row;""><th scope=""row""><strong class=""tit"" data-group=""recruit_division_2"" id=""template_divisions_recruitment_title_2"">데이터 엔지니어</strong><span class=""txt"" data-group=""recruit_division_2"" id=""template_divisions_work_dept_nm_2"">S/W 팀 0명</span></th><td><table class=""tbl_list display_assign_task_nm_2"" data-group=""recruit_division_2"" id=""template_divisions_assign_task_nm_2""><tbody><tr><td><strong class=""tit"">담당업무</strong></td></tr><tr><td>ㆍ데이터 모니터링 시스템 개발</td></tr></tbody></table><table class=""tbl_list""><tbody><tr><td><strong class=""tit"" id=""template_divisions_qualification_title_2"">지원자격</strong></td></tr><tr><td><span data-group=""recruit_division_2"" id=""template_divisions_Career_2"">ㆍ경력 : 무관 (신입도 지원 가능)</span><span data-group=""recruit_division_2"" id=""template_divisions_JobGrade_2""></span></td></tr><tr class=""display_req_2"" style=""display:none;""><td id=""template_divisions_req_title_2"">
            ㆍ기타 필수 사항
        </td></tr><tr class=""display_req_2"" data-group=""recruit_division_2"" id=""template_divisions_req_2"" style=""display:none;""><td><table class=""tbl_list_type2""><tbody></tbody></table></td></tr></tbody></table><table class=""tbl_list display_pre_2"" data-group=""recruit_division_2"" id=""template_divisions_pre_2""><tbody><tr><td><strong class=""tit"">우대사항</strong></td></tr><tr><td><table class=""tbl_list_type2 forward""><tbody><tr><td>ㆍ 대용량 데이터 수집, 처리, 분석 경험자 우대</td></tr></tbody></table></td></tr></tbody></table></td></tr></tbody></table></div>"
11,https://www.saramin.co.kr/zf_user/jobs/relay/view-detail?rec_idx=44008276&location=ts&searchword=%EB%8D%B0%EC%9D%B4%ED%84%B0+%EC%97%94%EC%A7%80%EB%8B%88%EC%96%B4&searchType=search&paid_fl=n&search_uuid=37b7270c-9ef1-47cf-8350-4cdb345f44d8&rec_seq=0&t_category=relay_view&t_content=view_detail&t_ref=&t_ref_content=,"<div class=""wrap_tbl_template""><table class=""tbl_template"" id=""divisionTable""><colgroup><col width=""184""/><col/></colgroup><thead><tr><th scope=""col"">모집부문</th><th scope=""col"">상세내용</th></tr></thead><tbody><tr id=""common_table""><th scope=""row""><strong class=""tit"" id=""template_common_qualification_title"">공통 자격요건</strong></th><td><table class=""tbl_list""><tbody><tr><td id=""template_common_education"">ㆍ학력 : 무관<font color=""#0b7fcc""></font></td></tr></tbody></table></td></tr><tr class=""recruit_division_0 tr_division"" data-key=""0"" style=""display: table-row;""><th scope=""row""><strong class=""tit"" data-group=""recruit_division_0"" id=""template_divisions_recruitment_title_0"">클라우드 데이터 엔지니어</strong><span class=""txt"" data-group=""recruit_division_0"" id=""template_divisions_work_dept_nm_0"">AI/Data 사업팀 1명</span></th><td><table class=""tbl_list display_assign_task_nm_0"" data-group=""recruit_division_0"" id=""template_divisions_assign_task_nm_0"" style=""display:none;""><tbody><tr><td><strong class=""tit"">담당업무</strong></td></tr><tr><td>ㆍ</td></tr></tbody></table><table class=""tbl_list""><tbody><tr><td><strong class=""tit"" id=""template_divisions_qualification_title_0"">담당업무</strong></td></tr><tr><td><p class=""MsoNormal"">- 데이터 분석<span lang=""EN-US"">/</span>추출<span lang=""EN-US"">/</span>정제<span lang=""EN-US"">/</span>가공하여 공유<span lang=""EN-US""><o:p></o:p></span></p><p class=""MsoNormal"">- 데이터 웨어하우스 구축 및 관리<span lang=""EN-US""><o:p></o:p></span></p><p class=""MsoNormal"">- 데이터 거버넌스 구축 및 전략 수립<span lang=""EN-US""><o:p></o:p></span></p><p class=""MsoNormal"">- 인프라 아키텍처 구축<font color=""#2da86a""></font><span lang=""EN-US"">/</span>설계 컨설팅 및 기술 지원<span lang=""EN-US""><o:p></o:p></span></p><p class=""MsoNormal"">- 데이터 제품 교육과 함께 고객사 지원 수행<span lang=""EN-US""><o:p></o:p></span></p><p class=""MsoNormal"">- 정형<span lang=""EN-US"">/</span>비정형 데이터에 대한<span lang=""EN-US""> ETL </span>프로세스
설계 및 구현<span lang=""EN-US""><o:p></o:p></span></p><p class=""MsoNormal"">- 데이터 제품에 대한 기술 지원<span lang=""EN-US""><o:p></o:p></span></p><p class=""MsoNormal""><span lang=""EN-US"">- Raw data </span>들을 정제<span lang=""EN-US"">/</span>가공<span lang=""EN-US"">/</span>적재 하며<span lang=""EN-US"">, insight </span>전달을 위한 대시보드 및 리포트 작성<span lang=""EN-US""><o:p></o:p></span></p><p class=""MsoNormal""><span lang=""EN-US"">- Data-driven </span>의사결정을 위한 정량적 수치와 분석결과 제공<span lang=""EN-US""><o:p></o:p></span></p><p class=""MsoNormal"">
</p><p class=""MsoNormal"">- 고객을 대면하는 역할이며<span lang=""EN-US"">, </span>필요에 따라 전문적인 서비스 제공을 위하여
고객을 방문해야 할 수 있습니다<span lang=""EN-US""><o:p></o:p></span></p><p class=""MsoNormal""><br/><br/></p><table class=""tbl_list __se_tbl_ext"" style=""font-size: 15px; line-height: 15px; width: 628.418px;""><tbody><tr><td><strong class=""tit"" id=""template_divisions_qualification_title_0"">자격조건<br/></strong></td></tr></tbody></table><p class=""MsoNormal"">- 컴퓨터 사이언스<span lang=""EN-US"">, </span>공학<span lang=""EN-US"">, </span>수학
또는 관련 분야의 학사 학위 또는 이와 유사한 수준의 경험<span lang=""EN-US""><o:p></o:p></span></p><p class=""MsoNormal""><span lang=""EN-US"">- IT </span>플랫폼 구축 경험을 보유한<span lang=""EN-US"">
data analysis or AI </span>서비스 개발 경험<span lang=""EN-US""><o:p></o:p></span></p><p class=""MsoNormal"">- 최소 하나 이상의<span lang=""EN-US""> SQL </span>기술<span lang=""EN-US"">(Hive,
Pig, Impala, Spark SQL, Presto, Postgre SQL)</span>에 대한 지식<span lang=""EN-US""><o:p></o:p></span></p><p class=""MsoNormal"">- 데이터 처리 언어와<span lang=""EN-US""> BI</span>도구에 대한 사용 경험<span lang=""EN-US""><o:p></o:p></span></p><p class=""MsoNormal"">- 한 가지 이상의<span lang=""EN-US""> programming language (</span>백엔드 위주
개발 경력 필요<span lang=""EN-US"">)<o:p></o:p></span></p><p class=""MsoNormal"">- 한 가지 이상의 클라우드 사용 경험<span lang=""EN-US""><o:p></o:p></span></p><p class=""MsoNormal"">
</p><p class=""MsoNormal"">- 최소 하나 이상의 프로그래밍 언어<span lang=""EN-US"">(Java, ja<!--x-->vasc<!--x-->ript, Python
</span>등<span lang=""EN-US"">)</span>로 소프트웨어 코드를 개발한 경험 구현 업무 실무 수행 가능<span lang=""EN-US""><o:p></o:p></span></p><p class=""MsoNormal""><br/><span class=""tit"" id=""template_divisions_qualification_title_0""><b>우대사항</b><br/></span></p><p class=""MsoNormal""><span lang=""EN-US"">- Data Warehouse </span>설계<span lang=""EN-US"">,
BI</span>보고서 및 대시 보드 개발을 포함한 업계의 데이터베이스<span lang=""EN-US"">, </span>분석 기술에 대한 이해<span lang=""EN-US""><o:p></o:p></span></p><p class=""MsoNormal""><span lang=""EN-US"">- ETL </span>파이프라인을 통해<span lang=""EN-US""> BI </span>시각화를
위한 툴<span lang=""EN-US"">(Tableau, MS Power BI </span>등<span lang=""EN-US"">)</span>에 리포팅해본
경험<span lang=""EN-US""><o:p></o:p></span></p><p class=""MsoNormal""><span lang=""EN-US"">- SQL</span>을 사용한<span lang=""EN-US""> Raw Data</span>핸들링
역량<span lang=""EN-US""><o:p></o:p></span></p><p class=""MsoNormal"">- 다양한 로그 데이터 운영 경험<span lang=""EN-US""><o:p></o:p></span></p><p class=""MsoNormal""><span lang=""EN-US"">- Hadoop, Spark, Kafka </span>등의 데이터플랫폼 관련 경험<span lang=""EN-US""><o:p></o:p></span></p><p class=""MsoNormal""><span lang=""EN-US"">- AWS, GCP, Azure</span>와 같은 클라우드 서비스 위에서의 개발
경험<span lang=""EN-US""><o:p></o:p></span></p><p class=""MsoNormal"">- 웹 프론트엔드<span lang=""EN-US"">/</span>백엔드 개발 경력<span lang=""EN-US""><o:p></o:p></span></p><p class=""MsoNormal""><span class=""tit""><span class=""tit"" id=""template_divisions_qualification_title_0"">
</span></span></p><p class=""MsoNormal""><span lang=""EN-US"">- Spring, Flask, Django, Laravel </span>등<span lang=""EN-US""> Web fr<!--x-->amework</span>를 이용한 개발 경험<span lang=""EN-US""><o:p></o:p></span></p><div style=""font-weight: bold;""><br/></div><span lang=""EN-US""><o:p></o:p></span><p></p></td></tr></tbody></table><table class=""tbl_list display_pre_0"" data-group=""recruit_division_0"" id=""template_divisions_pre_0"" style=""display:none;""><tbody><tr><td><strong class=""tit"">우대사항</strong></td></tr><tr><td><table class=""tbl_list_type2 forward""><tbody></tbody></table></td></tr></tbody></table></td></tr></tbody></table></div>"
12,https://www.saramin.co.kr/zf_user/jobs/relay/view-detail?rec_idx=44120253&location=ts&searchword=%EB%8D%B0%EC%9D%B4%ED%84%B0+%EC%97%94%EC%A7%80%EB%8B%88%EC%96%B4&searchType=search&paid_fl=n&search_uuid=37b7270c-9ef1-47cf-8350-4cdb345f44d8&rec_seq=0&t_category=relay_view&t_content=view_detail&t_ref=&t_ref_content=,"<div class=""wrap_tbl_template""><table class=""tbl_template"" id=""divisionTable""><colgroup><col width=""184""/><col/></colgroup><thead><tr><th scope=""col"">모집부문</th><th scope=""col"">상세내용</th></tr></thead><tbody><tr id=""common_table""><th scope=""row""><strong class=""tit"" id=""template_common_qualification_title"">공통 자격요건</strong></th><td><table class=""tbl_list""><tbody><tr><td id=""template_common_education"">ㆍ학력 : 무관<font color=""#0b7fcc""></font></td></tr></tbody></table></td></tr><tr class=""recruit_division_0 tr_division"" data-key=""0"" style=""display: table-row;""><th scope=""row""><strong class=""tit"" data-group=""recruit_division_0"" id=""template_divisions_recruitment_title_0"">데이터 엔지니어</strong><span class=""txt"" data-group=""recruit_division_0"" id=""template_divisions_work_dept_nm_0""> 1명</span></th><td><table class=""tbl_list display_assign_task_nm_0"" data-group=""recruit_division_0"" id=""template_divisions_assign_task_nm_0"" style=""display:none;""><tbody><tr><td><strong class=""tit"">담당업무</strong></td></tr><tr><td>ㆍ</td></tr></tbody></table><table class=""tbl_list""><tbody><tr><td><strong class=""tit"" id=""template_divisions_qualification_title_0"">담당업무</strong></td></tr><tr><td><span data-group=""recruit_division_0"" id=""template_divisions_Career_0"">- 모델개발<br/>- web/app개발<br/>-  API개발<br/>- 머신러닝 플랫폼, BI, Autolabelin, data warehouse 등 솔루션 컨설팅 및 기술지원<br/>- 기업에게 데이터 솔루션 교육<br/>- 고객에게 전문적인 컨설팅/교육 서비스를 제공하기 위하여 대면하는 역할이 포함되어 있습니다.<br/><br/><b>자격조건<font color=""#2da86a""></font></b><br/>컴퓨터 사이언스, 공학, 수학 또는 관련 분야의 학사 학위 또는 이와 유사한 수준의 경험<br/>한 가지 이상의 programming language (백엔드 위주 개발 경력 필요)<br/>한 가지 이상의 클라우드 사용 경험<br/><br/><b>우대조건</b><br/>통계적 기법을 통한 데이터 분석 역량<br/>R/Python 프로그래밍 및 기본적인 쿼리 작성 능력<br/>AWS, Azure 등 클라우드 환경에 대한 이해<br/>쿠버네티스 및 도커에 대한 기술 역량<br/>Tableau, MS Power BI 등 BI 사용 경험자<br/>Snowflake 등 data warehouse, data lake 사용 경험자<br/><br/></span></td></tr><tr class=""display_req_0"" style=""display:none;""></tr></tbody></table><table class=""tbl_list display_pre_0"" data-group=""recruit_division_0"" id=""template_divisions_pre_0"" style=""display:none;""><tbody><tr><td><strong class=""tit"">우대사항</strong></td></tr><tr><td><table class=""tbl_list_type2 forward""><tbody></tbody></table></td></tr></tbody></table></td></tr></tbody></table></div>"
