,기업이름,기업공고
0,"롤베이스, 딥러닝 기반 라이다, 카메라 소프트웨어 개발자","('롤베이스, 딥러닝 기반 라이다, 카메라 소프트웨어 개발자', ""사물의 '눈', 라이다(LiDAR)를 연구하고 개발하는 라이다 전문회사 에스오에스랩(SOSLAB)입니다. 에스오에스랩은 2016년 6월 설립되어 만 6년이 지난 기업으로, 시리즈 A+ 투자 유치에 성공하였고 현재까지 누적 투자액 약 170억을 달성 하였습니다. 무엇보다 CES2021에서 'CES혁신상'을 수상한 국내 최고의 라이다 전문 기업으로 2023년 IPO를 통해 한단계 더 성장하려는 준비를 하고 있습니다. 최고의 실력과 우수한 팀원으로 구성된 에스오에스랩의 로켓에 탑승하실 여러분을 모집합니다.주요업무롤베이스, 딥러닝 기반 라이다, 카메라 소프트웨어 개발실내/실외 맵핑 알고리즘 개발실내/실외 위치측위 알고리즘 개발자격요건롤베이스/딥러닝 기반 어플리케이션 개발을 경험해보신 분PyTorch, Tensorflow 등을 능숙하게 다루시는 분데이터넷 생성 및 학습, 추론 프로세스에 대해 전반적인 이해와 경험이 있으신 분LiDAR에 대한 이해가 있으신 분C++을 능숙하게 다루시는 분ROS / ROS2 기반 개발 경험이 있으신 분우대사항딥러닝 기반 프로젝트 리딩 경험이 있으신 분Python, C++ 모두 능숙하신 분포인트클라우드, 이미지 모두 활용한 프로젝트를 경험해보신 분AWS를 이용한 프로젝트를 경험해보신 분DevOps, MLOps에 대한 이해가 있으신 분라이다/카메라/IMU/GPS 융합 정밀지도 작성, SLAM, 위치측위 개발 경험이 있으신 분혜택 및 복지· 직급 없이 닉네임으로 부르는 호칭· 자율 출퇴근제· 재택근무 가능· 징검다리 휴일 자동 휴무· 입사장비 300만원에서 자유롭게 선택· 3년에 200만원 이내 컴퓨터 교체 가능기술스택 ・ 툴TensorflowPythonC++"")"
1,[전문연구요원 산업기능요원 가능] AI서비스 딥러닝/머신러닝 엔지니어 [자연어 처리],"('[전문연구요원 산업기능요원 가능] AI서비스 딥러닝/머신러닝 엔지니어 [자연어 처리]', '[회사]‘함께 더 이야기하고 싶은 AI를 만드는 사람들’ 마인드로직은 2019년1월에 설립된 스타트업입니다.  마인드로직은 최첨단 자연어처리(NLP), 음성합성(TTS), 이미지합성(Vision) 기술들을 종합적으로 활용하여 사용자가 직접 (감성적 대화를 비롯한 상호작용을 할 수 있는) AI를 만드는 서비스를 제공합니다. 2020년에 모바일 앱 “가상남녀”를 출시하여 사용자들의 좋은 반응을 얻고 있으며, “가상남녀” 외에도 혁신적인 신규 서비스들을 개발하고 있습니다.    [투자]마인드로직은 2019년1월 설립된 이후로 2년의 짧은 기간 동안 시드투자와 시리즈A 투자를 유치하였으며, TIPS프로그램에 선정되었습니다. 마인드로직 투자사: •\t쿠팡, 토스 등 대표적인 유니콘, 데카콘 기업들의 초기 투자자로 유명한 Tekton Ventures와 Partech Partners•\t당근마켓과 코빗의 투자자인 Strong Ventures•\t창업자들이 가장 투자받고 싶어하는 대한민국 1호 엑셀러레이터 Primer와 PrimerSazze•\t국내의 존경받는 투자사인 DSC Investment [팀]   국내외 최고 수준의 AI 개발팀과 모바일서비스 개발팀이 자율적인 문화에 기반하여 도전적으로 일하고 있습니다.  또한, 김용우, 김진욱 공동창업자는 다양한 창업, 컨설팅, 대기업, VC 경험을 바탕으로 팀이 최상의 문제해결역량을 발휘할 수 있도록 리드하고 있습니다.    [관련 기사 참조]http://it.chosun.com/site/data/html_dir/2019/09/25/2019092500452.htmlhttp://www.aitimes.com/news/articleView.html?idxno=132070 https://startup.kaist.ac.kr/archives/29491주요업무Python, Machinelearning 자연어 처리 및 챗봇용 신경망 구현 (의도 파악, 맥락 반영, 문장 생성 등)자격요건•\tPytorch 프레임워크 사용 경험•\t자연어처리, 챗봇 관련 논문들의 구현 경험•\t딥러닝 모델 배포 경험우대사항•\t상용 챗봇 운영 경험혜택 및 복지•\t구성원의 개인 생활 및 영역에 대한 존중•\t개개인의 상황을 최대한 배려하여 인사/복지에 적용•\t합리적이고, 서로를 존중하는 의사소통•\t워라벨 등 기타 당연한 사항들은 생략합니다. 인터뷰 중에 얼마든지 물어봐 주세요.')"
2,AI 엔지니어 머신러닝/딥러닝 선임연구원,"('AI 엔지니어 머신러닝/딥러닝 선임연구원', '엔키스는 스마트팩토리, 자율주행, 스마트시티에서 발생하는 빅데이터를 분석하여 딥러닝을 기반으로 Anomaly Detection, Predictive Maintenance 등이 가능한AI 모델링과 AI 서비스를 원활하게 제공할 수 있는 클라우드 서비스 플랫폼을 개발, 운영하는 기업입니다.주요업무- AI 모델 개발- 빅데이터 분석 및 통계 모델링 수행- 제조 빅데이터 수집/가공/처리- Tensorflow/Pytorch 기반의 AI 모델 구현 및 응용 서비스 개발자격요건- 딥러닝 분야 (인공지능 프로젝트 등 포함) 경력 2년 이상- GAN 모델링, Semi-supervised GAN 모델링, f-AnoGAN 모델링 실무 적용 경력- 동적 객체 Instance Segmentation, Panoptic Segmentation 개발 경험자- Tensorflow / KERAS / pyTorch 프로그래밍 각각 2년 이상의 경력자- 적극적이고 긍정적인 태도로 동료와 코드 리뷰, 협업하는 것을 즐기시는 분우대사항- GAN, f-AnoGAN모델 등의 Anomaly Detection 실무 경력- 강화학습 프로그래밍 실습 경험자- LSTM, CNN, Convolutional LSTM 등의 개발 경험 및 프로젝트 수행 경험자혜택 및 복지• 주40시간 근무, 자율 출근• 월 1회 문화의 날(Enkis Day)• 개인 필요장비지급(모니터,최신사양업무용노트북), 맥북프로 + 모니터 제공• 스터디 모임 지원, 대학원 등록금 지원(성과 평가 우수자), 인공지능교육, 사내 교육• 고급 커피 제공, 간식 제공(팀장 사비를 털어서라도)• 자율 휴가제, 출산 · 육아휴직, 육아기 단축근무, 출산 휴가• 경조사비, 종합 검진 제공, 4대 보험• 매년 복지포인트 지급기술스택 ・ 툴ReactJavaScript')"
3,[SeeSo SDK] 시선추적 머신러닝/딥러닝 연구자,"('[SeeSo SDK] 시선추적 머신러닝/딥러닝 연구자', '[비주얼캠프 소개]비주얼캠프는 인공지능기반 시선추적(eye-tracking)기술을 개발하고 있습니다. 2020년에 세계 최초로 상용화된 시선추적 모바일 소프트웨어인 SeeSo를 런칭하였습니다.SeeSo는 모바일, 데스크톱에서 별도의 하드웨어 없이 시선추적이 가능하도록 하는 제품으로 런칭 1년만에 2021 GSMA 글로벌모바일 어워드, 2022 CES 혁신어워드 에서 연달아 수상하는 등 세계 무대에서 혁신성과 시장성을 인정받고 있습니다.[R&D팀 소개]R&D팀은 전세계 모든 고객(개발자)들이 편리하게 시선추적 서비스를 만들 수 있도록 최신 시선추적 알고리즘을 연구하고, SeeSo SDK를 개발하고 있습니다.2021 GSMA 글로벌 모바일 어워드 : https://www.venturesquare.net/832208 2022 CES 혁신어워드 : https://www.nextunicorn.kr/content/483cbc8e28d11888 SeeSo Youtube : https://www.youtube.com/channel/UCYVqCTpyk_M6qTMYGbnv2nQ SeeSo Tech Blog :  https://blog.seeso.io/[팀 업무 방식]1. 수평적인 구조와 자율 출퇴근   • R&D팀은 팀원들이 본인들의 역량을 최대한 발휘할 수 있도록 수평적인 소통 구조를 추구합니다.   • 자율 출퇴근을 통해 본인에게 가장 적합한 시간대에 근무할 수 있도록 배려하고 있습니다.2. 데일리 업데이트   • R&D팀은 매일 서로간의 업무에 대해서 공유합니다.   • 업무공유를 통해 서로간의 일을 협력하여 해결을 하도록 진행합니다.3. 논문 리뷰   • R&D팀은 기술적 도약을 위해 ML/DL 또는 시선추적 관련 논문들을 리서치하고 팀원들과 매주       공유합니다.   • SeeSo 성능 개선을 위해 최신 논문에서 아이디어를 발굴하고 실험을 진행합니다.[채용 절차]서류 전형 → 1차 인터뷰 → 2차 인터뷰\n   • 1차 인터뷰(화상, 30분 정도): 본인 소개, 회사 소개, 질의 응답, 기존에 했던 프로젝트 경험, 비전       기술에 대한 질의 응답   • 2차 인터뷰(화상 혹은 사내, 1-2시간 정도): 임원 면접 및 심층 기술 질문주요업무R&D팀에서는 시선추적에 필요한 다양한 기술을 연구합니다.    • 시선추적 기술 연구       • 시선추적에 필요한 딥러닝 모델들을 학습 및 실험       • 새로운 머신러닝, 시선추적 관련 논문들을 리뷰하며 더 나은 기술 탐색   • Pipeline 구축       • 모바일 전면카메라, PC 웹캠의 얼굴 이미지로 시선추적이 가능한 파이프라인 구축       • 전체 파이프라인의 성능향상을 위해 새로운 알고리즘과 방법론을 제시   • SDK 배포       • 학습한 모델을 다양한 환경에서 사용되도록 배포자격요건• C++/Python 프로그래밍에 능숙하신 분• 팀원들과 적극적으로 소통할 수 있는 분 • 스스로 동기부여가 되는 분• 학습능력이 좋은 분• Computer vision, Image processing, Machine learning 이론에 대한 전반적인 이해• DL Frameworks(TensorFlow 또는 PyTorch) 사용 경험이 있으신 분• 최신 논문을 읽고 구현할 수 있는 분우대사항• 컴퓨터 비전, 인공지능 관련 분야 학위가 있으신 분(석/박사 우대)       • Face Landmark Detection, Face Reconstruction       • Computer graphics, 3D Reconstruction, 3D Geometry       • Computational photography       • Gaze Estimation 과 관련된 모든 분야• Computer Vision 프로젝트 경험자• 최신 기술 동향을 놓치지 않고 파악하여 문제를 해결할 수 있는 능력• 탑 티어 컨퍼런스/SCI 논문 저자혜택 및 복지• 희망 연봉 기재, 경력이 있으신 분들은 이전 직장 연봉 이상으로 협의• 스톡옵션 부여• 자율 출퇴근 (오프라인 미팅 매주 금요일 10:00)• 자율 휴가제도 (+여름 휴가제도)• 원하는 간식 무한제공, 석식 지원, 스타벅스 커피가루 + 커피 포트• 도서 구입비 무한지원, 세미나 참가비 지원, 스터디 모임 지원• 개인장비 지원 (최신형 맥북 프로, iMac, PC, 대형 모니터)• 4대보험기술스택 ・ 툴GitGithubLinuxPytorchTensorflowPythonAWSC++Docker')"
4,[VoyagerX] 딥러닝 모델 개발자,"('[VoyagerX] 딥러닝 모델 개발자', '보이저엑스는 더욱 즐겁고 편리한 삶을 돕는 인공지능 소프트웨어를 개발하는 스타트업 입니다.딥러닝에 대한 믿음, 대자연에 대한 경외, 새로운 제품에 대한 모험, 동료들간의 신뢰, 사람에 대한 사랑을 바탕으로 일을 하고 있습니다.보이저엑스와 우리의 삶을 더욱 편리하고 즐겁게 하는 인공지능을 함께 만들어 갈 딥러닝 모델 개발자를 채용하고자 합니다.아래 자격 요건에 맞고 주요 업무가 마음에 드시는 분들께서는 지원해 주시기 바랍니다.■ 연봉 : 신입 기준 최소 4,800만원 이상에서 협의■ 사무실: 서울 서초역에서 5분 거리, 마제스타시티 타워1 10층■ 지원 기간: 채용 완료시까지■ 채용 절차: 서류 심사 - 면접1. 서류 심사: 아래 내용을 자기소개서에 담아 이력서와 함께 제출해주세요. 1차 서류에 아래 내용이 포함되시지 않은 분께는 이메일을 통해 따로 서류 제출을 요구드릴 수 있습니다. 1) 자격 요건에 본인이 얼마나 잘 맞는가2) 아래 자격요건의 기술 질문에 얼마나 잘 대답할 수 있는가2. 면접: 직원, 대표와의 면접을 2차, 필요시 최대 3차까지 볼 수 있습니다.주요업무1. 업무내용:• Vrew, vFlat, 온글잎 등 인공지능 서비스에 필요한 모델을 개발. 세상에 없던 새로운 모델을 처음부터 개발하거나 이미 세상에 나와있는 모델을 응용하여 변형된 모델을 개발함2. 업무 관련 기술: Tensorflow, PyTorch3. 참고: 현재 Vrew, vFlat, 온글잎이 각각 개발했거나 이용 중인 모델• Vrew:  - 개발 시간 중 모델링 비중: 20%  - 자사 모델: 음성과 텍스트의 싱크, 자막 줄 바꿈, 무음 구간 줄이기, 박수 소리 인식  - 타사 모델: 음성 인식, 번역• vFlat:  - 개발 시간 중 모델링 비중: 60%  - 자사 모델: 스캔 영역 인식, 곡면의 평면화, 손가락 이미지 제거, 그림자 제거, 색상보정  - 타사 모델: 문자 인식• 온글잎:  - 개발 시간 중 모델링 비중: 90%  - 자사 모델: 템플릿 파싱, 폰트 생성자격요건A. 모든 개발자 공통 요건• 개발을 좋아함• 수학을 좋아함• 딥러닝에 관심이 많음• 협업이 두렵지 않음• 책임감이 강함B. 딥러닝 모델 개발자 요건• 딥러닝이 앞으로 점점 더 많은 문제를 해결할 거라고 믿음• 실질적인 문제 해결에 보람을 느낌• 완벽만큼 완성을 중요하게 생각함C. 딥러닝 모델 개발자 기술 질문: 5개 이상 잘 대답할 수 있어야 함• Gradient Descent란?• Loss Surface란?• Attention이란?• Transformer란?• Collaborative filtering이란?• Few-Shot Learning이란?• Federated Learning이란?• SVD란?• 중심극한정리란?혜택 및 복지• 휴가사용은 자유롭게 + (무급) 휴가 무제한• 동료와 원활한 협업을 위해 11시부터 6시 사이에 근무.   - 주당 40시간 약속만 잘 지키면 되며, 그 외 시간은 구성원이 자유롭게 조정할 수 있습니다.• 주1회 재택근무 및 협의시/코로나방역시 재택근무 추가 가능• 일과중 아무때나 카페에서 일할 수 있음 (전체회의이어도 카페에서 원격 참석 가능)• 넓은 사무실/ 가로 180짜리 책상에 큰 서랍 / 전동식 스탠딩 데스크 가능• 키보드, 마우스, 모니터 최고급 사양/ 개인맞춤형 구매• 소프트웨어, 하드웨어, 사무용품, 책 원하는 만큼• 좋은 커피, 음료 및 과자무제한, 맥주무제한• 간단한 운동 가능 (운동 및 휴식공간)• 퍼즐, 레고, 보드게임 등 간단한 놀이 가능 (회사비용으로 구매)• 공식적 회식은 연 1회 수준 (팀회식은 점심에 맛집에서)기술스택 ・ 툴AndroidiOSPytorchReactTensorflowWebGLJavaJavaScriptPythonSwiftTypeScriptAWSNodeJSGCPFlutter')"
5,Data Scientist (머신러닝/딥러닝 엔지니어),"('Data Scientist (머신러닝/딥러닝 엔지니어)', '""Perfect Fit Everywhere. 언제 어디서나 완벽한 핏을""펄핏 (Perfitt)은 빠르게 성장 중인 신발 AI 테크(Shoe AI Tech) 회사입니다.브랜드 또는 디자인, 소재마다 조금씩 다 다른 신발 사이즈.온라인 구매를 했더니 사이즈가 안 맞아서 반품하거나 그냥 신발장에 방치된 신발들.온라인으로 신발을 구매하는 소비자들 중 90%는 자신에게 맞는 Size 선택이 어렵다고 합니다.Perfitt은 우리 일상 속에 \'작은 불편함\'을 찾아내고 이를 완벽하게 해결할 수 있는 최선의 방법을 고민합니다.""이런 서비스가 언젠간 나올 것 같았는데, Perfitt이 하고 있었군요.""""신발 살 때 너무 불편했는데, 대박이네요. 꼭 필요한 서비스인 것 같아요.""요즘 저희 팀이 40만명 이상의 고객들과 신발 업계에서 가장 많이 듣는 피드백입니다.Perfitt은 기존의 리뷰 기반의 사이즈 추천 방식을 벗어나 사용자의 발 촬영을 통해 실제 발의 길이, 너비 뿐만 아니라 발의 모양에 대해 정확하게 측정하고 각 신발에 대한 신발 사이즈를 추천해 주는 서비스를 개발하고 있습니다.Perfitt App은 2020년 1분기 서비스를 시작하였고 해마다 2배 이상의 성장을 거듭하며 현재 40만 명 이상의 가입자와 80만 건 이상의 발 데이터를 확보하였습니다. 같은 기간 동안 124만 번의 사이즈 추천과 95%에 가까운 추천 사이즈 만족도를 달성 중 입니다.Perfitt은 빠르게 고속 성장 중이며 빠른 성장 속도에 맞춰 대규모 채용을 진행하고 있습니다.글로벌 엑셀러레이터 SparkLabs, TBT 파트너스, 캡스톤 파트너스, 선보엔젤파트너스, 씨엔티테크로부터 투자를 유치하였습니다.주요업무• 측정 및 분석 엔진 개발    - 2D Image        - DL 모델을 활용하여 발 사이즈 측정 기술 개발        - 사이즈 추천에 사용 할 feature extraction    - 3D Object 측정 및 분석        - 3D 추정 DL 모델을 활용하여 발 사이즈 측정 기술 개발        - LiDAR센서를 활용하여 발 사이즈 측정 기술 개발        - 3D 결과물로 부터 사이즈 추천에 사용 할 feature extraction• 추천 엔진 개발    - 사이즈 추천 엔진을 위한 데이터 분석 및 분류(예측)을 위한 DL 모델 개발    - 고객 데이터 분석을 통한 가설 검증 및 Insight 도출, 결과 해석자격요건• knowledge    - computer vision, image processing 관련 개발 경험    - 논문 기반 deep learning 모델 개발 경험• skill    - python, deep learning framework 1가지 이상(tensorflow, pytorch, caffe 등)우대사항• LiDAR 센서 활용 경험• 모바일 경량화 개발 경험• DL모델 serving 환경 개발, 모델 자동 업데이트, CI/CD 등 MLOps 직무 경험• linux 환경, docker, pycham 사용 경험• 3D point cloud 데이터 전처리 경험• 통계, 산업공학, 컴퓨터공학 등 데이터 분석 관련 전공자 또는 데이터 분석 실무 경력 1년 이상이신 분• 비즈니스 모델과 서비스 요구사항을 데이터 관점으로 이해하고 분석 적용이 가능하신 분• 통계적 분석과 기계학습을 이용한 분석을 통해 데이터에 대한 Insight 도출이 가능하신 분• 대용량 데이터에 대한 전처리 및 Feature Engineering 경험이 있으신 분• Tensorflow, Keras, Torch, Caffe 등 Deep Learning Framework를 활용한 프로젝트 경험이 있으신 분혜택 및 복지• 생산적으로 일하기 위해 하이브리드 근무제(시범적용)와 탄력근무제를 지원합니다. (기본 10-19) 사무실 출근과 재택 근무를 자유롭게 선택하여 근무할 수 있습니다.• 휴가는 눈치보지 않고 30분 단위로 쓸 수 있습니다. (시간 단위 연차 운영)• 수평적인 분위기 (서열 파괴, 호칭 파괴)• 최고의 인재를 위한 최고 수준의 업무용 장비(맥북 프로 혹은 동급 사양 + QHD 모니터)를 지원합니다.• 업무 관련 비용 100% 지원• 생일자 조기퇴근 (생일 축하해요)• 빈브라더스 커피를 무한 제공합니다기술스택 ・ 툴ExpressJSMongoDBJavaScriptKotlinNode.jsSwiftMVVMAWSjQueryReact.jsFigma')"
6,AI 엔지니어 (머신러닝 ML/딥러닝 DL),"('AI 엔지니어 (머신러닝 ML/딥러닝 DL)', ""- 아이네블루메는 채팅형 콘텐츠 플랫폼, 채티를 서비스합니다.아이네블루메는 누구나 쉽고 재밌게 채팅형 콘텐츠를 만들 수 있는 '채티'를 서비스하고 있습니다. 2018년 4월 정식 런칭한 채티는 Z세대의 관심 속 가파르게 성장했습니다. 현재 누적 사용자 360만명을 기록 중이며, 매월 50만명이 넘는 사용자가 채티를 애용하고 있습니다.- 채티에서는 하루 평균 6,000개가 넘는 작품이 만들어지고 있습니다.채티 사용자들은 90분이 넘는 일 평균 사용시간을 기록하며 작품 창작과 감상에 몰두하고 있습니다. 사용자들의 열정으로 만들어진 작품들은 채팅형 콘텐츠를 넘어 네이버 웹툰, 오디오 클립으로 제작되기도 하였습니다. 그리고 곧 채티 원작의 웹 드라마가 제작될 예정이랍니다.- 메이저 투자사들로부터 누적 100억의 투자유치채티의 주목할 성과와 비전에 공감한 투자사로부터 누적 100억 규모의 투자를 유치하였습니다. 카카오벤처스, 두나무앤파트너스, 프리미어파트너스, 파트너스인베스트먼트, 베이스인베스트먼트, 대성창업투자 등 든든한 파트너사들이 채티와 함께해주고 있습니다.- 채팅형 콘텐츠로 열어가는 새로운 콘텐츠 플랫폼채티의 전체 사용자 중 작품 창작에 참여하는 사용자 비중은 20%가 넘습니다. 다른 콘텐츠 플랫폼과 비교해 매우 높은 수치인데요, 이는 누구나 쉽고 재밌게 작품을 만들어 낼 수 있는 채티의 매력 때문입니다. 아이네블루메는 이런 사용자 창작 에너지가 새로운 콘텐츠 시장을 열어갈 것이라 믿습니다. 창작과 감상의 경계가 사라진 채티에는 '콘텐츠 무한 생산'과 '콘텐츠 무한 소비'라는 새로운 가능성이 기다리고 있습니다.주요업무• 콘텐츠 개인화 추천 AI 설계 및 모델링, 개발• 머신러닝 & 딥러닝 플랫폼 이용해서 콘텐츠 분류 및 개인화 추천 서비스를 위한 기반 기술 연구• 자연어 처리 및 분석 알고리즘 구현자격요건• 머신러닝/딥러닝 기반의 Prediction을 B2C 서비스에 연동경험이 있으신 분• Python 사용 경험이 있으신 분• OS, Network 를 중심으로 컴퓨터공학에 대한 기본 지식이 탄탄하신 분• 다음 항목 중 두 가지 이상에 해당되는 분   - AWS 혹은 GCP와 같은 클라우드 플랫폼 환경에서 AI 엔지니어링 경험이 있으신 분   - 리눅스 환경에 대해 잘 이해하고 계신 분   - 컨테이너 환경에 이해가 있으신 분• AI 엔지니어링 경력 3년 이상우대사항• 아키텍처 설계에 관심이 있고 능동적으로 더 좋은 코드를 만들기 위해 노력하시는 분• 다양한 타입의 데이터베이스(RDBMS, NoSQL 등)를 적재적소에 활용하실 수 있는 분• Deep Collaborative Filtering을 B2C 서비스에 운영해보신 분• ML 관련 Low latency API 개발 경험이 있으신 분• B2C 서비스의 실시간 빅데이터 환경에서 Online Learning 또는 짧은 주기의 배치로 학습해보신 분• Devops 경험 (Infrastructure as Code, 배포 자동화, CI, TDD, 모니터링 등)• 서비스에 대한 애착과 책임감이 있으신 분혜택 및 복지채티는 이렇게 일해요!• 책임과 신뢰를 기반으로 개인의 자율성을 존중합니다• 의미 있는 실패를 지향하고 그 안에서 얻는 경험을 중시합니다• 스스로 문제를 찾고 적극적으로 해결합니다• 업무와 관련한 정보는 모두가 투명하게 공유합니다• 데이터 기반의 합리적이고 논리적인 의사결정을 지향합니다• 사용자 입장에서 생각하고 사용자 가치를 우선합니다• 누구든 자유롭게 의견을 말하고 적극적으로 피드백을 나눕니다• 서비스의 성장만큼 개인의 성장을 중시합니다채티는 이런 환경에서 일해요!• 콘텐츠 서비스 스터디를 위한 콘텐츠비 지원 (웹툰, 웹소설, 영화, 드라마 등)• 업무 관련 도서 구매 지원 (무제한)• 업무 관련 세미나 및 스터디 적극 지원 (애자일 코칭 등)• 투명하고 효율적인 커뮤니케이션을 위한 업무 도구 사용 (Google Workspace, Slack, Notion 등)• 생산성 향상을 위한 리모트 근무 지원• 업무 필요 장비 적극 지원 (최신형 맥북, 34인치 와이드 모니터, 모니터 암, 허먼밀러 의자)• 삼성중앙역 10초 거리• 점심 식대 제공• 편의점 간식 지원, 라운지에 드롱기 커피머신과 신선한 원두 구비• 개인물품을 보관할 수 있는 개인 락커 제공• 업무 환경 개선을 위한 피드백 적극 수렴 및 반영채티는 이런 동료와 함께 일하고 싶어요!• 콘텐츠(웹툰, 웹소설, 영화, 드라마 등)를 좋아하거나 관심이 많으신 분• 자유로운 업무 환경에서 신뢰와 책임을 바탕으로 스스로의 역할을 찾을 수 있는 분• 함께 일하는 동료를 존중하고 함께 성장할 수 있는 분기술스택 ・ 툴GitGithubAndroidiOSLinuxMySQLReactJavaScriptKotlinPythonSQLSwiftAWSDocker"")"
7,딥러닝 리서처 (신입),"('딥러닝 리서처 (신입)', '■ 고속성장 AI 스타트업, 뉴로클을 소개합니다.  뉴로클은 “누구나 사용할 수 있는 딥러닝 비전 소프트웨어를 제공하여, 세상을 변화시킨다.” 는 목표를 가지고 빠르게 성장하고 있는 AI기반 스타트업입니다.  자체 연구개발한 ‘자동최적화 알고리즘’ 기반의 딥러닝 비전 소프트웨어(Neuro-T, Neuro-R 등)를 출시, 제조/의료/교육 등 다양한 산업군의 고객들에게 제공하고 있습니다. 복잡한 이미지를 빠르고 정확하게 인식, 분류하고자 하는 Needs를 가진 고객들에게 ‘자동최적화’라는 혁신적인 가치를 인정받아 연평균 175% 수준으로 고속성장하고 있습니다.   국내 주요 고객으로는 현대자동차, SK, LG 등 주요 대기업들을 포함하여, 국립과학수사원과 같은 국가기관, 주요 대학병원 등의 의료기관이 있습니다. 해외로는 미주, 유럽, 아시아 파트너사와의 협업을 통해 글로벌 시장 진출에도 성공하였고, 지속적인 매출 성장을 기록하고 있습니다.  뉴로클이 이렇게 고속성장할 수 있었던 이유는 최고의 전문가로 성장하고자 하는 꿈을 가진 ‘똑똑한 구성원’들과 문제의 본질을 탐구하여 집요하게 ‘토론하는 문화’, 업계최고 수준의 스톡옵션 ‘보상 시스템’, 그리고 딥러닝 기술을 통해 세상을 변화시키고 싶다는 명확한 ‘꿈’이 있었기 때문입니다.[믿음직하고 똑똑한 팀원들과 함께 전문가로 성장합니다]서울대, KAIST, 연세대, 고려대 출신의 우수 인력과 삼성, LG, GE 등 굴지의 IT 기업 출신 인재들이 자발적으로 경험과 지식을 나누고 끊임없이 토론합니다. 딥러닝 전문가 또는 직무 전문가의 커리어를 꿈꾸시는 지원자님들께서 성장하기에 최적의 환경이라고 자부합니다.[항상 Why에 대해 고민하고, 문제의 본질을 찾기 위해 집요하게 토론합니다]뉴로클의 구성원들은 일의 우선순위를 명확히 부여하고, 중요한 일에 대해서는 대충 타협하지 않습니다. 이 일이 왜 중요하고, 본질적인 문제가 무엇인지 토론하는 과정을 즐깁니다. 타인에 대한 비난이 아닌 문제 해결을 위한 건설적인 토론문화는 뉴로클의 핵심 경쟁력입니다.[업계 최고수준의 스톡옵션 보상, 회사의 이익을 구성원과 함께 나누고자 합니다]뉴로클의 성장요인은 우수한 구성원들 덕분이고, 그런 구성원들에게 회사의 이익을 함께 나눠야한다는 보상철학을 가지고 있습니다. 업계 최고 수준의 스톡옵션 보상을 제공할 수 있는 이유는 외부 투자 없이는 생존이 어려운 초기 스타트업 시기를 빠른 매출화를 통해 극복, 사업을 개시한지 2년만에 BEP(손익분기점)를 초과하는 등 안정적인 수익구조를 갖췄기 때문입니다.[최고의 딥러닝 기술을 바탕으로 세상을 변화시키겠다는 꿈과 명확한 방향성을 가지고 있습니다]딥러닝 비전 기술이 모든 산업군에서 일상처럼 사용될 세상, 그 새로운 세상으로의 통로를 창조하고 있다는 보람과 자부심으로 일합니다. 우리는 꿈을 실현시킬 명확한 방향성을 가지고 있습니다. ‘딥러닝계의 어도비(Adobe)가 되자’라는 슬로건처럼, 자체개발한 우리만의 제품을 누구나 손쉽게 사용할 수 있도록 하는 것입니다. 뉴로클의 모든 구성원들은 같은 목표를 바라보고 일하고 있습니다.AI가 대중화된 새로운 세상을 꿈꾸며, 뉴로클과 함께 새로운 미래를 일구어 갈 능력 있고 진취적인 팀원을 기다립니다.• 뉴로클이 추구하는 방향에 대해 알고 싶다면-＞ http://www.chiefexe.com/news/ArticleView.asp?listId=3261&sacid=4408&srowCnt=1-＞ http://www.issuemaker.kr/news/articleView.html?idxno=27920• 뉴로클의 제품에 대해 더 알고 싶다면-＞ https://www.youtube.com/watch?v=GORTA5-RkOE-＞ https://www.aitimes.kr/news/articleView.html?idxno=18676-＞ http://www.industrynews.co.kr/news/articleView.html?idxno=40446• 뉴로클 기술의 우수성에 대해 궁금하다면-＞ http://www.industrynews.co.kr/news/articleView.html?idxno=44247-＞ http://www.datanet.co.kr/news/articleView.html?idxno=158703주요업무■ 이런 업무들을 수행합니다  • 영상 및 meta data 분야 최신 딥러닝 논문 follow up, 구현  • 성능 개선을 위한 모델 최적화  • 신규 모델 개발을 위한 연구주제 선정 및 연구 수행자격요건■ 이런 분을 찾습니다  • 딥러닝 프레임 워크 (Tensorflow, PyTorch 등) 사용 경험  • 우수한 문제해결 능력   • 딥러닝에 대한 관심과 열정을 가지고, 문제점을 주도적으로 해결할 수 있는 분   • 동료들과 협업하는 것을 즐기시는 분우대사항■ 이런 분이시면 더욱 좋습니다  • 딥러닝 관련 전공의 석사 이상 학위 보유  • 딥러닝 관련 주요 학회 NIPS, CVPR, ICML, ACM 등 논문 게재 경험  • 머신러닝/딥러닝에 대한 이해 및 프로젝트 경험이 있으신 분  • 모델 최적화, 경량화 경험이 있으신 분혜택 및 복지■ 뉴로클이 보장하는 5가지1. 딥러닝 전문가로의 성장• 사내 스터디 운영 (딥러닝 관련 최신 논문 스터디, Javascript 스터디 등)• 직무 역량 향상 위한 교육 수강 지원• 업무 유관 도서 구매 지원2. 확실한 보상• 업계 내 가장 많은 스톡(옵션) 제공• 식비 지원3. 몰입을 위한 자율• 유연한 자율 출퇴근• Remote 근무제도 운영• ‘놀목제도’(목요일 업무일과 휴일을 자유롭게 바꿔서 활용하는 제도) 운영• 자유로운 휴가 사용• 자유로운 복장4. 수평적인 문화• 호칭은 ‘님’으로 통일• 자유롭고 솔직한 의견/피드백 공유5. 쾌적한 근무 환경• 듀얼모니터 및 최신 장비 지원• 공유 휴게실, 넓은 개인 책상• 오피스 앞 산책로와 상쾌한 공기 (양재시민의 숲 부근에 위치)기술스택 ・ 툴PytorchTensorflow머신 비전')"
8,딥러닝 리서처,"('딥러닝 리서처', '■ 고속성장 AI 스타트업, 뉴로클을 소개합니다.  뉴로클은 “누구나 사용할 수 있는 딥러닝 비전 소프트웨어를 제공하여, 세상을 변화시킨다.” 는 목표를 가지고 빠르게 성장하고 있는 AI기반 스타트업입니다.  자체 연구개발한 ‘자동최적화 알고리즘’ 기반의 딥러닝 비전 소프트웨어(Neuro-T, Neuro-R 등)를 출시, 제조/의료/교육 등 다양한 산업군의 고객들에게 제공하고 있습니다. 복잡한 이미지를 빠르고 정확하게 인식, 분류하고자 하는 Needs를 가진 고객들에게 ‘자동최적화’라는 혁신적인 가치를 인정받아 연평균 175% 수준으로 고속성장하고 있습니다.   국내 주요 고객으로는 현대자동차, SK, LG 등 주요 대기업들을 포함하여, 국립과학수사원과 같은 국가기관, 주요 대학병원 등의 의료기관이 있습니다. 해외로는 미주, 유럽, 아시아 파트너사와의 협업을 통해 글로벌 시장 진출에도 성공하였고, 지속적인 매출 성장을 기록하고 있습니다.  뉴로클이 이렇게 고속성장할 수 있었던 이유는 최고의 전문가로 성장하고자 하는 꿈을 가진 ‘똑똑한 구성원’들과 문제의 본질을 탐구하여 집요하게 ‘토론하는 문화’, 업계최고 수준의 스톡옵션 ‘보상 시스템’, 그리고 딥러닝 기술을 통해 세상을 변화시키고 싶다는 명확한 ‘꿈’이 있었기 때문입니다.[믿음직하고 똑똑한 팀원들과 함께 전문가로 성장합니다]서울대, KAIST, 연세대, 고려대 출신의 우수 인력과 삼성, LG, GE 등 굴지의 IT 기업 출신 인재들이 자발적으로 경험과 지식을 나누고 끊임없이 토론합니다. 딥러닝 전문가 또는 직무 전문가의 커리어를 꿈꾸시는 지원자님들께서 성장하기에 최적의 환경이라고 자부합니다.[항상 Why에 대해 고민하고, 문제의 본질을 찾기 위해 집요하게 토론합니다]뉴로클의 구성원들은 일의 우선순위를 명확히 부여하고, 중요한 일에 대해서는 대충 타협하지 않습니다. 이 일이 왜 중요하고, 본질적인 문제가 무엇인지 토론하는 과정을 즐깁니다. 타인에 대한 비난이 아닌 문제 해결을 위한 건설적인 토론문화는 뉴로클의 핵심 경쟁력입니다.[업계 최고수준의 스톡옵션 보상, 회사의 이익을 구성원과 함께 나누고자 합니다]뉴로클의 성장요인은 우수한 구성원들 덕분이고, 그런 구성원들에게 회사의 이익을 함께 나눠야한다는 보상철학을 가지고 있습니다. 업계 최고 수준의 스톡옵션 보상을 제공할 수 있는 이유는 외부 투자 없이는 생존이 어려운 초기 스타트업 시기를 빠른 매출화를 통해 극복, 사업을 개시한지 2년만에 BEP(손익분기점)를 초과하는 등 안정적인 수익구조를 갖췄기 때문입니다.[최고의 딥러닝 기술을 바탕으로 세상을 변화시키겠다는 꿈과 명확한 방향성을 가지고 있습니다]딥러닝 비전 기술이 모든 산업군에서 일상처럼 사용될 세상, 그 새로운 세상으로의 통로를 창조하고 있다는 보람과 자부심으로 일합니다. 우리는 꿈을 실현시킬 명확한 방향성을 가지고 있습니다. ‘딥러닝계의 어도비(Adobe)가 되자’라는 슬로건처럼, 자체개발한 우리만의 제품을 누구나 손쉽게 사용할 수 있도록 하는 것입니다. 뉴로클의 모든 구성원들은 같은 목표를 바라보고 일하고 있습니다.AI가 대중화된 새로운 세상을 꿈꾸며, 뉴로클과 함께 새로운 미래를 일구어 갈 능력 있고 진취적인 팀원을 기다립니다.• 뉴로클이 추구하는 방향에 대해 알고 싶다면-＞ http://www.chiefexe.com/news/ArticleView.asp?listId=3261&sacid=4408&srowCnt=1-＞ http://www.issuemaker.kr/news/articleView.html?idxno=27920• 뉴로클의 제품에 대해 더 알고 싶다면-＞ https://www.youtube.com/watch?v=GORTA5-RkOE-＞ https://www.aitimes.kr/news/articleView.html?idxno=18676-＞ http://www.industrynews.co.kr/news/articleView.html?idxno=40446• 뉴로클 기술의 우수성에 대해 궁금하다면-＞ http://www.industrynews.co.kr/news/articleView.html?idxno=44247-＞ http://www.datanet.co.kr/news/articleView.html?idxno=158703주요업무■ 이런 업무들을 수행합니다  • 영상 및 meta data 분야 최신 딥러닝 논문 follow up, 구현  • 성능 개선을 위한 모델 최적화  • 신규 모델 개발을 위한 연구주제 선정 및 연구 수행자격요건■ 이런 분을 찾습니다  • 딥러닝 분야 경력 2년 이상 보유  • 딥러닝 프레임 워크 (Tensorflow, PyTorch 등) 사용 경험  • 우수한 문제해결 능력   • 딥러닝에 대한 관심과 열정을 가지고, 문제점을 주도적으로 해결할 수 있는 분   • 동료들과 협업하는 것을 즐기시는 분우대사항■ 이런 분이시면 더욱 좋습니다  • 딥러닝 관련 전공의 석사 이상 학위 보유  • 딥러닝 관련 주요 학회 NIPS, CVPR, ICML, ACM 등 논문 게재 경험  • 머신러닝/딥러닝에 대한 이해 및 프로젝트 경험이 있으신 분  • 모델 최적화, 경량화 경험이 있으신 분혜택 및 복지■ 뉴로클이 보장하는 5가지1. 딥러닝 전문가로의 성장• 사내 스터디 운영 (딥러닝 관련 최신 논문 스터디, Javascript 스터디 등)• 직무 역량 향상 위한 교육 수강 지원• 업무 유관 도서 구매 지원2. 확실한 보상• 업계 내 가장 많은 스톡(옵션) 제공• 식비 지원3. 몰입을 위한 자율• 유연한 자율 출퇴근• Remote 근무제도 운영• ‘놀목제도’(목요일 업무일과 휴일을 자유롭게 바꿔서 활용하는 제도) 운영• 자유로운 휴가 사용• 자유로운 복장4. 수평적인 문화• 호칭은 ‘님’으로 통일• 자유롭고 솔직한 의견/피드백 공유5. 쾌적한 근무 환경• 듀얼모니터 및 최신 장비 지원• 공유 휴게실, 넓은 개인 책상• 오피스 앞 산책로와 상쾌한 공기 (양재시민의 숲 부근에 위치)기술스택 ・ 툴PytorchTensorflow머신 비전')"
9,[부피 알고리즘] AI (딥러닝) 연구 및 개발,"('[부피 알고리즘] AI (딥러닝) 연구 및 개발', ""[안티그래비티 이야기]온라인에서 구매하는 속옷은 왜 실패하는가?팬더믹 이후 고속 성장하는 온라인 이커머스 시장의 어두운 부분을 조명하여, 다양한 신체 사이즈를 가진 많은 여성들이 온라인으로도 속옷을 성공적으로 구매할 수 있도록 돕고자 합니다. 특히, 안티그래비티는 둘레를 기반으로 사이즈를 표기하는 기존의 전통적인 방식이 아닌, 부피를 기준으로 데이터를 마이닝하여, 소비자로 하여금 딱 맞는 속옷을 추천해주는 부피 알고리즘을 제품화하여 서비스하고 있습니다.[서비스 소개]안티그래비티는 언더웨어 버티컬 커머스 플랫폼인 바디미러 서비스를 구축 중에 있습니다.바디미러는 약 100년간 지속된 가슴 둘레 제도로 인해 80%의 안 맞는 브라 사이즈로 인해 불편 받는 여성들을 위해 부피 제도를 통해 최적화된 사이즈의 브라를 추천해주는 서비스입니다. 현재 브라 부피 기반의 언더웨어(더핏브라)를 출시하여 의미 있는 성과로 인정을 받아 PB 상품 외 다양한 브랜드들이 입점하여 판매 가능한 B2B2C 커머스를 구축하고 있습니다. 바디미러 서비스는 추후 협력사들인 제조, 물류, CS를 통합 운영 가능한 플랫폼으로 확장할 예정입니다. 공격적이지만 적합한 단계를 밟으며 매우 탄탄하며, 안정된 플랫폼을 만들어 나갈 뛰어난 엔지니어분들을 찾고 있습니다. 안티그래비티의 목표는 부피 제도를 Global Standard로 만드는 것이며, 나아가 사이즈를 패션의 모든 분야로 확장 하는 것입니다. 안티그래비티의 성장을 함께 주도할 테크 리더로 성장하기를 원하는 엔지니어를 기다립니다.주요업무✔ 담당하시게 될 업무는 ' 바디미러 플랫폼의 AI 알고리즘 개발' 입니다!• 스캔 및 사진 데이터를 활용하여 사이즈 측정 알고리즘 개발자격요건✔ 어디 이런 분 없나요?• 동시 위치인식 및 지도작성(SLAM) 분석 및 모델링 경험이 있으신 분• 공개된 Model을 API 시스템으로 구축한 경험이 있으신 분• 공개 Model보다 좋은 고유 Model 학습하시는 분• 딥러닝/머신러닝 기술을 통해 지능화된 고객서비스 개발 경험이 있으신 분우대사항✔ 이런 경험 가지신 분, 레드카펫 깔아드립니다.• 관련 실무 경력 2년 이상이신 분• 관련 학과 석사 (이상)혜택 및 복지✔ 안티그래비티는 직원들이 성장하며 일할 수 있는 환경을 만들기 위해 노력하고 있어요 : )[업무환경]• 수평적 관계 지향 (전 직원 영어 이름 사용)• 유연근무제 (8~10시 사이 자유롭게 출근, 7.5시간 근무 후 눈치 안보고 퇴근)• 무려 1시간30분 점심시간• 묻지 않는 연차/반차/반반차 사용 가능• 3/6/9개월차 추가 유급휴가 부여• 성과에 따라 스톡옵션 지급• 생일 선물 제공 (소중한 우리 직원을 위한 조기퇴근 및 기프티콘)• 명절 선물 지급 / 경조사 지원• 초기 멤버인 만큼 스스로 혜택과 문화를 만들어 가실 수 있는 자율성을 보장[근무환경]• 중식비 지원 (연봉에 미포함)• 업무 특성에 최적화된 하이퀄리티 장비/라이센스 지원• 8시간 앉아도 편안한 시디즈 의자 제공• 야근 식대 및 교통비 (거의 쓸일 없음)• 장기근속자 유급휴가 부여[자기계발]• 도서, 강의, 세미나 및 컨퍼런스 참가비 지원• 사내 스터디 지원[친목 및 교류]• 왜곡된 회식문화, 음주문화 일절 없음• 놀기 위한 워크샵 연 1회 진행(해외/국내)기술스택 ・ 툴GithubTensorflowHTMLJavaScriptPythonAWSAPIRDBMSOpenCV"")"
10,다비오 : 딥러닝 엔지니어,"('다비오 : 딥러닝 엔지니어', '회사 기술 및 조직문화 소개 : http://bit.ly/dabeeointro다비오는 인공위성 이미지를 활용해서 다양한 Geo-Data를 자동으로 생성하는 기술, 그리고 다양한 웹/앱 기반 기술들을 연구하고 개발하고 있습니다. LG, KT, 현대, 롯데, 신세계 등 주요 국내외 대기업 대상으로 솔루션 제공 및 연구 협업을 진행하고 있습니다. 다비오의 기술은 우주/항공, 농업, 금융, 유통 영역 등 광범위한 영역에서 활용도가 매우 높아 성장 단계별로 꾸준히 투자 유치를 하였습니다. 현재 Series B 라운드 투자까지 완료 하였습니다. 지금은 국내외 오피스에서 55명이 넘는 팀원과 함께 안정성 있는 회사로 성장하였습니다.Global No.1 Geo-Data Platform을 목표로 하는 여정을 함께 할 팀원을 모집하고 있습니다. 최신 기술을 좋아하고, 경험하고, 학습하고 싶은 분은 언제든지 환영합니다. 현재 채용을 진행하고 있는 Earth EYE 팀은 인공위성/항공 이미지를 딥러닝 기술을 통하여 분석하고 공간 정보 데이터로 변환하는 기술을 연구하는 팀입니다. 국내외 지도 서비스를 하는 대기업, 인공위성 업체, 대학 연구 기관들과 협업하여 연구를 진행합니다. 또한 다양한 국적의 외국인들과 함께 업무를 진행하는 글로벌 팀입니다.*지원자의 역량/적합성/선호도 등을 고려하여 딥러닝 활용하여, 신사업의 기술을 개발하고 연구하는 선행연구팀으로 입사하실 수 있습니다.주요업무• Deep Learning 팀 리드• Computer Vision 및 Deep Learning 모델 설계, 구축, 테스트 프로젝트(semantic segmentation, object detection, classification)• 연구 논문을 코드로 변환, 결과물 도출• 공간 데이터 분석자격요건• 관련 분야 업무 경력 3년 이상• 딥러닝 연구 경험 및 경력이 있으신 분• Python 경험과 이해• OpenCV, Tensorflow, PyTorch 경험 또는 이해도• 기본적인 이미지 처리와 DL 개념의 이해우대사항• 장애인• Shapely, Fiona, and Geopandas을 이용한 지리공간 데이터 분석 경험• 기본 수학능력 보유자 (선형대수학, 확률, 통계학 등)• 커뮤니케이션 능력 우수자혜택 및 복지• 매달 패밀리데이 이용 2시간 조기 퇴근 • Refresh 휴가 제도 (1,3,5년 등 근속자 대상) • 유연한 탄력근무제 • 업무 관련 서적 및 세미나/교육 참가 비용 지원 • 도서구입비 지원 • 생일축하 문화상품권 및 조기 퇴근권 지급 • 연차 휴가 및 각종 경조사 지원 • 야근 식대 및 교통비 지원 • 청년 대상 중소기업 소득세 감면 혜택기술스택 ・ 툴ReactJavaScriptKotlinSwiftTypeScriptRxReact.js')"
11,머신러닝/딥러닝 엔지니어,"('머신러닝/딥러닝 엔지니어', '딥브레인 AI는 대화형 인공지능 원천기술을 가진 스타트업입니다. 영상합성 및 음성합성의 딥러닝 기반기술을 보유중이며, 특히, 영상합성과 음성합성 기술을 모두 가진 곳은 당사가 유일합니다. 또한, 음성합성기술은 실제음성과 같이 자연스럽고, 영상합성에 성공(미국, 중국에 이어 세계 3번째로 상용화)한 국내유일의 회사 입니다. \t이를 토대로, 인공지능기반 비즈니스 모델을 구축하여 신규사업에 진출 예정입니다. 향후, 상장을 목표로 오늘도 저희 머니브레인의 팀원들은 개발에 매진하고 있습니다.\t 딥브레인 AI는 원천기술의 자부심을 가지고 있습니다. 그리고 지금까지의 성과를 발판삼아 더 크게 나아가고자 합니다. 글로벌 딥러닝 비즈니스의 리더가 되기 위해, 훌륭한 팀원들이 필요합니다. 딥브레인 AI의 멋진 여정에 참여할 당신을 기다립니다.\t[성과]- 고품질 딥러닝 음성합성 기술 공개- 국내 최대 카드사 신한카드 챗봇 오픈- 금융권 최초 농협은행 금융봇 오픈- 서울아산병원과 인공지능 의료상담 공동개발 계약- 인공지능 배달봇 얌얌 서비스 출시- 챗봇 플랫폼 플레이챗 오픈[투자]- 누적 600억원 투자유치- 신용보증기금 퍼스트펭귄형 창업기업 선정 15억원 지원- 정부지원 사업 진행 (총 20억, 3건)주요업무• 영상처리 알고리듬(모델)개발(landmark detection, 3D reconstraction, image restruction 등)\t• 사람의 얼굴, 신체 관련 영상처리자격요건• 알고리듬(모델)에 기반한 영상처리 및 컴퓨터 그래픽 전공자 또는 경력자 \t• 영상처리 경력 3년 이상• ffmpeg, openCV, dlib 등을 개발 경험자• 영상 스트리밍 기술 개발 경험우대사항• 관련 딥러닝 모델 연구/개발자 우대(Tensor Flow, PyTouch)• 다양한 프로그래밍 경력• 영상처리 또는 컴퓨터공학 전공혜택 및 복지• 자기계발비 매월 5만원 제공• 의료비지원 매월 5만원 제공• 패밀리데이 지원금 매월 5만원 제곰• 문화클럽 지원금 매월 3만원 제공• 점심 식사 무료 제공• 원두커피, 간식 무료 제공 (사내 스낵바)기술스택 ・ 툴ReactNode.jsRESTSVN')"
12,전문연구요원(딥러닝 알고리즘 엔지니어),"('전문연구요원(딥러닝 알고리즘 엔지니어)', '“미디어 생태계는 스트리밍으로 ...”방송과 스트리밍 서비스의 경계를 구분하는 일이 어려워지고 있습니다. 스포츠, 영화는 물론이고 게임과 쇼핑까지도 스트리밍으로 소비하는 시대입니다. “서비스 경쟁전략”미디어 서비스 회사들은 차별화된 시청 경험 제공을 위해 다양한 영상처리 기술을 검토하고 있습니다. 블루닷에서는 반도체 기술과 합을 이루어 실시간 영상처리 알고리즘 개발에 도전할 딥러닝 엔지니어를 찾고 있습니다.주요업무AI 영상처리 관련 선행 개발영상처리 분야 네트워크 알고리즘 개발 참여AI 논문 서치 및 리뷰를 통한 구현 및 테스트FPGA Target에 맞는 경량화 작업 및 네트워크 개선영상처리 알고리즘 가속을 위한 시스템 반도체 IP 개발자와 협업반도체 설계를 위한 Quantization 네트워크 경량화 작업 수행프로덕트 출시 후 개선작업 리딩서류검토-기술면접-연봉협상자격요건석사이상 전문연구요원 대상컴퓨터비전/머신러닝/딥러닝 지식 보유 및 관련 프로젝트 수행 경험자영상처리 관련 프로젝트 수행 경험자 (Super resolution, Denoising, Deblurring 등)딥러닝 프레임워크 (e.g. Pytorch, Tensorflow 등) 개발 가능혜택 및 복지• 개인장비 - 고성능 컴퓨터 or Mac 지원• 식사,간식 - 스낵바(간식,음료) 제공 및 야근식대 지원• 건강검진 - 매년 종합검진 제공• 기타 - 4대보험 가입, 퇴직금 별도지급기술스택 ・ 툴HTMLJavaScriptPHPPythonSpring Framework')"
13,딥러닝 알고리즘 엔지니어,"('딥러닝 알고리즘 엔지니어', '“미디어 생태계는 스트리밍으로 ...”방송과 스트리밍 서비스의 경계를 구분하는 일이 어려워지고 있습니다. 스포츠, 영화는 물론이고 게임과 쇼핑까지도 스트리밍으로 소비하는 시대입니다. “서비스 경쟁전략”미디어 서비스 회사들은 차별화된 시청 경험 제공을 위해 다양한 영상처리 기술을 검토하고 있습니다. 블루닷에서는 반도체 기술과 합을 이루어 실시간 영상처리 알고리즘 개발에 도전할 딥러닝 엔지니어를 찾고 있습니다.주요업무딥러닝 기반 영상처리 알고리즘 개발    - AI 논문 서치 및 리뷰를 통한 구현 및 테스트영상처리 알고리즘 가속을 위한 시스템 반도체 IP 개발자와 협업    - 반도체 설계를 위한 뉴럴 네트워크 경량화 및 최적화(화질, 사용자원, 속도        tradeoff) 작업 수행프로덕트 출시 후 개선작업 리딩자격요건- 3년 이상 (박사 신입급 가능)- 컴퓨터비전/머신러닝/딥러닝 지식 보유 및 관련 프로젝트 수행 경험자- 영상처리 관련 프로젝트 수행 경험자 (Super resolution, Denoising, Deblurring 등)- 딥러닝 프레임워크 (e.g. Pytorch, Tensorflow 등) 개발 가능우대사항- Top Tier 컨퍼런스 및 저널 1저자 경험- 뉴럴 네트워크 경량화 및 최적화 경험 및 기술 보유- 상용화(가능) 서비스 및 제품에 탑재된 알고리즘 개발 경험혜택 및 복지• 개인장비 - 고성능 컴퓨터 or Mac 지원• 식사,간식 - 스낵바(간식,음료) 제공 및 야근식대 지원• 연차,휴가 - 자유로운 휴가, 연차 사용• 근무형태 - 자율 출근제• 건강검진 - 매년 종합검진 제공• 기타 - 4대보험 가입, 퇴직금 별도지급기술스택 ・ 툴HTMLJavaScriptPHPPythonSpring Framework')"
14,머신러닝/딥러닝 개발,"('머신러닝/딥러닝 개발', ""'KONAN'은 1999년 설립된 기술혁신 기업으로 자연어처리와 인공지능, 빅데이터와 비정형데이터를 포함하는 초대용량 문서처리기술을 통해 고객의 가치에 기여하는 인공지능 및 빅데이터 소프트웨어 전문기업입니다. Korea Natural Language Analysis의 의미를 담고 있습니다.주요업무• 대화 서비스 개발• 딥러닝 기반 NLU 개발자격요건• 학력 : 대학교졸업(4년) 이상• 경력 : 1년 이상~12년 이하   * 사세확장에 의한 채용으로 지원자 경력에 따라 채용 적극 고려예정• AI(인공지능) 관련 전공자 혹은 관련 업무 경력자• Java 프로그래밍 언어• 머신러닝/딥러닝 관련 지식을 보유하신 분우대사항• 컴퓨터공학 및 소프트웨어 관련 전공자• TensorFlow, PyTorch 등을 활용한 AI 개발 경험이 있으신 분• AWS에서 모델링 및 서빙 경험이 있으신 분• 최신 논문을 이해하고 개발에 적용할 수 있는 능력을 갖추신 분혜택 및 복지• 청년내일채움공제 / 청년재직자내일채움공제 운영• 자유로운 연차 사용, 자유 복장, 장기근속자 포상 및 휴가• OJT, 온/오프라인 교육비지원, 도서구입비 지원• 선택적 복리후생(연 110만원이상), 경조 비용&물품&휴가 지원, 생일 축하금, 명절 선물• 건강검진 비용지원, 인력 추천/ 특허 수당, 사우회 운영기술스택 ・ 툴LinuxOraclePytorchTensorflowUnreal EngineC / C++C#JavaJavaScriptPythonRESTAPI품질 관리APIHTML5CSS3품질 엔지니어링Spring FrameworkUnity3DQA 엔지니어링Spring Boot"")"
15,딥러닝 모델 SW엔지니어,"('딥러닝 모델 SW엔지니어', '■스카이오토넷은?2013년 10월 설립된 스카이오토넷은 매출액 90억원대, 사원수 70명 규모로Autonomous Mobility Platform 모빌리티를 통한 안전하고 자유로운 일상을 실현하는 차량 관제/자율주행 전문기업을 목표로 미래가 기대되는 강소기업으로 주목받고 있습니다. 국내외 유수의 글로벌 기업 및 정부, 지자체 등과 자율주행 관련 다수의 프로젝트를 성공적으로 수행하며 Sensor Fusion, 차선검출, 주행제어 등 자체 기술력을 대외적으로 인정받은 실력있는 기업입니다.주요업무[AI Vision팀] 딥러닝 모델 SW엔지니어• 부서소개AI Vision팀은 전방 객체를 인식하는 자동긴급제동장치 AEB/ ADAS 와 인공지능 기반 지능형 카메라시스템 AIV 기술 연구개발을 대표로 딥러닝 알고리즘 성능 고도화를 통해 자율주행에 한걸음 다가가고 있습니다. • 담당업무- Computer Vision 관련 DeepLearning 모델 연구/개발- 딥러닝 모델 학습- 딥러닝 모델 성능개선 / 최적화[주요 활용 스택 : Python, C++, pytorch, TensorFlow 등 ]• 채용절차서류전형 ▷ 면접전형 ▷최종합격자격요건• 학력 : 학사 이상~• 필수요건 : Python / C++ 활용 가능하신 분• 경력 : 신입가능 (딥러닝/AI/영상인식/영상처리/이미지프로세싱 관련 석사 학위자)             경력가능 (Pytorch / TensorFlow 개발 경험하신 분)우대사항• 블랙박스 플레이어 개발 경험하신 분• GPU, NPU 관련 지식 보유하신 분 우대• Linux, Git, Docker 사용 가능하신 분 우대혜택 및 복지• 4대보험 / 퇴직연금 가입• 자유로운 연차 활용• 맛있는 커피, 차류 구비• 경조휴가 / 경조사비 지원• 야근 발생 시 석식제공• 청년내일채움공제 가입지원기술스택 ・ 툴LinuxCEmbedded Linux텔레매틱스Embedded C모뎀')"
16,딥러닝 영상처리 연구 개발자,"('딥러닝 영상처리 연구 개발자', '# 포바이포(4by4 Inc.) 2017년에 설립된 포바이포는 초고화질 제작 솔루션의 기술역량을 보유하여 시각을 연구하는 비주얼 테크 기업입니다. 주된 분야로 글로벌 가전 기업의 전시, 광고, 제품 홍보용 영상 콘텐츠의 기획, 제작 서비스를 제공하며 크리에이티브한 뉴미디어 콘텐츠를 제공하고 있습니다. 독자 개발 화질개선 솔루션을 탑재한 초고화질 스톡 플랫폼 KEYCUTstock(키컷스톡) 운영과 다양한 미디어 콘텐츠를 기획, 개발하며 차세대 콘텐츠 산업을 위한 지속적 성장 발판을 마련하고, 글로벌 콘텐츠 제작사로 발돋움 하기 위한 다양한 경험을 만들어 나가고 있습니다. 포바이포와 함께 도전의 가치를 함께 나누고, 주저함 없이 앞으로 나아갈 수 있는 역량과 경험이 풍부한 인재를 모십니다.주요업무[주요업무]• 딥러닝을 이용한 영상처리(화질개선 및 영상복원) 알고리즘 연구 개발• 논문 리뷰를 통한 코드 구현 및 테스트• 딥러닝 모델 경량화 및 최적화자격요건[자격요건]• 사용기술 : Python(PyTorch, Tensorflow), C/C++• 경력 무관우대사항[우대사항]• 딥러닝 모델 프레임워크(PyTorch, Tensorflow etc)를 이용한 프로젝트 경험자• 딥러닝 모델 경량화 및 최적화 연구 개발 경험자[공통지원자격]• 성별, 나이, 학력무관• 업무에 대한 열정과 타부서와 원만한 협업을 위한 인성과 태도를 갖춘 분• 문제 해결에 있어 세심한 통찰력과 해석 능력을 가지고 있는 분• 원활한 커뮤니케이션 스킬을 보유하신 분[관련 사이트]• 블로그 : https://blog.naver.com/4by4inc• 인스타그램 : https://www.instagram.com/4by4inc혜택 및 복지[근무환경]- 월요일 출근 1pm - 퇴근 7pm  (화~금 10am-7pm)- 점심시간 12:30~13:30- 웰컴키트 제공 (후드집업, 티셔츠, 에코백, 파우치, 텀블러 등 다양한 굿즈)- 직무에 따른 최신형 장비 지원 [혜택 및 복지]- 365일 에브리데이 스낵바 운영 (다양한 음료/커피 및 간식 무제한 제공)- 인센티브제 운영 - 생일자 유급휴가 지원- 가정의달 유급휴가 지원- 종합건강검진 (가족 동반 1인)- 단체 상해보험 (개인 실비포함)- 청년내일채움공제 지원참여 - 필요시에만 야근하며 석식비, 야간교통비 지원- 그외 다양한 혜택 및 복지를 운영중입니다. :)기술스택 ・ 툴TensorflowC / C++Python')"
17,"영상처리, 컴퓨터비전/딥러닝, 병역특례 가능","('영상처리, 컴퓨터비전/딥러닝, 병역특례 가능', '큐픽스는 컴퓨터비전 및 머신러닝 기반으로 VR/AR 클라우드 솔루션을 개발하는 프롭테크 스타트업입니다.주요업무• 사진/비디오의 데이터에서 위치를 계산하는 3D Mapping 알고리즘 개발• 이미지 프로세싱을 위한 머신러닝/딥러닝 알고리즘 개발• 영상처리/딥러닝 관련 논문 리서치자격요건• C/C++, Python 사용에 능숙 하신 분• Boost, OpenCV, Eigen 라이브러리 사용 경험이 있으신 분• 3D 그래픽스에 대한 이해가 있으신 분• 선형대수, 수치해석에 대한 이해가 있으신 분우대사항• SLAM, SfM, Visual Odometry 개발 경험이 있으신 분 • 머신러닝, 딥러닝 알고리즘 개발 경험이 있으신 분• ScanData, Mesh Processing 개발 경험이 있으신 분• OpenCV 이용한 이미지프로세싱, 영상처리 개발 경험이 있으신 분혜택 및 복지채용프로세스• 서류전형 ＞ 직무테스트 ＞ 인터뷰(1차/2차) ＞ 레퍼런스체크 ＞ 채용제안혜택 및 복지큐픽스는 자율적이고 업무에 몰입할 수 있는 환경을 만들려 노력하고 있습니다.  [Work Environment]• 선택적 자율근무 (코어타임 10am - 4pm) • 재택 근무• 스톡옵션 (성과우수자)• 자율복장 • 업무 관련 필요 장비 지원 (노트북, 모니터 등)  [Quality of life & Growth]• 자기계발 또는 직무 역량 향상에 필요한 세미나, 교육, 도서구입 등 지원• 종합건강검진• 리프레시 휴가• 점심식사 지원 및 간식 & 커피 무한 제공기술스택 ・ 툴AndroidAngularJSiOSRuby on RailsPythonSwiftTypeScriptAWSC++Flutter')"
18,Deep Learning Engineer 딥러닝 엔지니어 (전문연구요원 가능),"('Deep Learning Engineer 딥러닝 엔지니어 (전문연구요원 가능)', 'We Build a World Closer Than Ever!그 어느 때 보다 더 가까워진 세상을 만들다!사진 1장과 음성 30초만으로도 디지털 휴먼 제작이 가능한딥휴먼 기술을 가진 AI Tech 스타트업 KLleon 클레온입니다.클레온은 최첨단 딥러닝 생성 기술을 이용하여, 전 세계 모든 정보를 디지털 휴먼으로 전환함으로써 언제든 실제 대화하는 듯 한 경험을 제공하는 문화를 구축하고 인간의 인지적 능력 향상 및 외로움에서 해방되는 것을 추구합니다.클레온은 고도의 딥러닝 기술을 누구나 손쉽게 즐길 수 있도록 새로운 문화적 가치를 창출하며, 당사의 기술이 좋은 방향으로 선하게 사용될 수 있도록 올바른 문화를 선도합니다. 현재 전세계 어디에서도 볼 수 없는 혁신적인 기술들을 보유하고 있으며, 15명의 카이스트 및 우수 대학의 석사, 박사 출신의 연구원들과 함께 끊임없이 연구 개발 중입니다.또한, Kaist 출신의 경희대학교 교수님과 StarGAN 저자이신 UNIST 교수님의 영입으로 기술 고도화와 사업 확장에 박차를 가하고 있습니다.실제 카카오, 현대, LG, CJ ENM 등 유수 기업들과의 협업을 통해 이미 기술력을 입증했고, 패션/뷰티, 교육, 디지털 광고, 미디어 등 다양한 분야의 산업에 실감형 콘텐츠를 적용하여 새로운 문화적 가치를 창출하고 있습니다. 탄탄한 기술력을 바탕으로 시장에서 인정받는 것은 물론이고, 우수한 능력과 멋진 인성을 겸비한 동료들이 가득한 클레온에서 함께 새로운 시대를 열어갈 NEXT 클레오너를 찾고 있습니다.본인의 분야에서 최고의 전문가를 꿈꾸는 프로 열정러에게,언제나 문이 열려있는 클레온으로 지금 지원하세요.주요업무- 딥러닝 서비스를 제공하기 위해, 딥러닝 모델을 처리 프로세스에 맞게 연동하고 API화합니다.- 딥러닝 서비스 프로파일링을 통해 병목현상을 발견하고 더 좋은 알고리즘이나 디자인을 제안합니다.- 병렬 컴퓨팅, 컴파일 언어 등 최적화로 딥러닝 서비스를 원활하게 제공합니다.※ 해당 포지션은 정규직이며, 채용 시 3개월의 수습 기간이 있습니다.＜전형 절차＞서류 전형 ＞ 1차 실무진 면접 + 역량 테스트 ＞ 2차 컬처핏 면접 ＞ 최종 합격※ 1차 면접은 역량 검증을 위한 녹화가 필수로 진행되며, 동의하시는 경우 진행이 가능합니다.※ 녹화된 영상은 최종 면접 결과 발표 이후 7일 이내 삭제됩니다.- 이력서 및 자기소개서는 자유 양식이며, 포트폴리오 혹은 github링크를 반드시 기재해주세요!- 합격여부는 모든 지원자에게 개별 안내드립니다!자격요건- 딥러닝 엔지니어 경력 2년 이상 (석사 이상 경력 인정)- Python 또는 C++ 중 하나의 언어 능숙하게 사용 가능- PyTorch, Tensorflow 등의 딥러닝 프레임워크로 이뤄진 모델 다뤄본 경험- 전문 연구원(병역 특례) 가능우대사항- 맡은 업무에 대한 책임감이 뛰어나고, 사람들에게 편의를 제공해주고자 하는 열의- 딥러닝 기반 실 서비스 개발 및 운영 경험- Ray, Dask 등 병렬처리 프레임워크 이용 경험- 컴퓨터 비전, 이미지 및 동영상 처리 등 관련 경험- RESTful API 개발 경험- 메시지 큐를 사용하여 작업 스케쥴링을 해본 경험- TensorRT 등 딥러닝 모델 경량화 경험- Triton Inference Server와 같은, 딥러닝 작업 처리 서버 구축 경험- GPU 프로그래밍이나 Multi-GPU 프로그래밍 경험혜택 및 복지• 출/퇴근 지원- 자율 출/퇴근제 (코어타임 11시-17시)- 편리한 출퇴근 (성수역 도보 5분)• 근무환경- 당신의 마음과 같이 넓은 180Cm FURSYS Desk 제공- 자유로운 영혼을 위한 자유 좌석 공간 제공- 커피 및 간식 무한 제공- R&D Center 최고 사양 GPU 서버 제공• 걱정 No! 첫날 완벽 업무 환경 제공 - 고사양 노트북 or 데스크탑- 듀얼 모니터 및 관련 장비- 모니터/노트북 받침대 - To be continue…. !!• 보상제도- 반기별 연봉 조정- 재직자 내일채움공제 5년형 가입 지원- 청년내일채움공제 가입지원- 중소기업 취업청년 소득세 감면 지원- 정규직 전원 스톡옵션 제공 [수습 기간 종료 후]- 명절(설, 추석) 상여금 지급• 휴가정책- 생일 유급휴가 1일 지급- 파격적인 경조사 제도 (든든한 경조 휴가 및 경조금)- 눈치는 NO! 자유로운 휴가 사용• 자기계발 지원- 자기계발비 (운동/학원 등록 등) 매월 지원- 품격있는 오너의 커피타임 지원: 랜덤 1:1 커피챗 프로그램- 팀 빌딩비 및 회식비 지원- 오너의 CLASS: 각종 교육 지원- 국내/외 학회 논문 게재 시, 참가비 지원- AI 해외 학회 왕복 항공비 지원• 의료/건강 정책- 건강검진대상자 기본건강검진 지원- 상비약(구급약품)기술스택 ・ 툴GitGithubReactVueJSAWSNodeJSReact Native')"
19,"Deep Learning Engineer 딥러닝 엔지니어 (계약직 1년, 전문연구요원 가능)","('Deep Learning Engineer 딥러닝 엔지니어 (계약직 1년, 전문연구요원 가능)', 'We Build a World Closer Than Ever!그 어느 때 보다 더 가까워진 세상을 만들다!사진 1장과 음성 30초만으로도 디지털 휴먼 제작이 가능한딥휴먼 기술을 가진 AI Tech 스타트업 KLleon 클레온입니다.클레온은 최첨단 딥러닝 생성 기술을 이용하여, 전 세계 모든 정보를 디지털 휴먼으로 전환함으로써 언제든 실제 대화하는 듯 한 경험을 제공하는 문화를 구축하고 인간의 인지적 능력 향상 및 외로움에서 해방되는 것을 추구합니다.클레온은 고도의 딥러닝 기술을 누구나 손쉽게 즐길 수 있도록 새로운 문화적 가치를 창출하며, 당사의 기술이 좋은 방향으로 선하게 사용될 수 있도록 올바른 문화를 선도합니다. 현재 전세계 어디에서도 볼 수 없는 혁신적인 기술들을 보유하고 있으며, 15명의 카이스트 및 우수 대학의 석사, 박사 출신의 연구원들과 함께 끊임없이 연구 개발 중입니다.또한, Kaist 출신의 경희대학교 교수님과 StarGAN 저자이신 UNIST 교수님의 영입으로 기술 고도화와 사업 확장에 박차를 가하고 있습니다.실제 카카오, 현대, LG, CJ ENM 등 유수 기업들과의 협업을 통해 이미 기술력을 입증했고, 패션/뷰티, 교육, 디지털 광고, 미디어 등 다양한 분야의 산업에 실감형 콘텐츠를 적용하여 새로운 문화적 가치를 창출하고 있습니다. 탄탄한 기술력을 바탕으로 시장에서 인정받는 것은 물론이고, 우수한 능력과 멋진 인성을 겸비한 동료들이 가득한 클레온에서 함께 새로운 시대를 열어갈 NEXT 클레오너를 찾고 있습니다.본인의 분야에서 최고의 전문가를 꿈꾸는 프로 열정러에게,언제나 문이 열려있는 클레온으로 지금 지원하세요.주요업무- 딥러닝 서비스를 제공하기 위해, 딥러닝 모델을 처리 프로세스에 맞게 연동하고 API화합니다.- 병렬 컴퓨팅 등 최적화로 딥러닝 서비스를 원활하게 제공합니다.※ 해당 포지션은 12개월 계약직이며, 채용 시 3개월의 수습 기간이 있습니다.정규직 전환이 가능합니다. ※ 전문연구요원 진행이 가능합니다.＜전형 절차＞서류 전형 ＞ 1차 실무진 면접+역량 테스트 ＞ 2차 컬처핏 면접 ＞ 최종 합격※ 1차 면접은 역량 검증을 위한 녹화가 필수로 진행되며, 동의하시는 경우 진행이 가능합니다.※ 녹화된 영상은 최종 면접 결과 발표 이후 7일 이내 삭제됩니다.- 이력서 및 자기소개서는 자유 양식이며, 포트폴리오 혹은 github링크를 반드시 기재해주세요!- 합격여부는 모든 지원자에게 개별 안내드립니다!자격요건- Python 또는 C++ 중 하나의 언어 능숙하게 사용 가능- PyTorch, Tensorflow 등의 딥러닝 프레임워크로 이뤄진 모델 다뤄본 경험- 전문 연구원(병역 특례) 가능우대사항- 맡은 업무에 대한 책임감이 뛰어나고, 사람들에게 편의를 제공해주고자 하는 열의- 딥러닝 기반 실 서비스 개발 및 운영 경험- Ray, Dask 등 병렬처리 프레임워크 이용 경험- 컴퓨터 비전, 이미지 및 동영상 처리 등 관련 경험- RESTful API 개발 경험- 메시지 큐를 사용하여 작업 스케쥴링을 해본 경험- TensorRT 등 딥러닝 모델 경량화 경험- Triton Inference Server와 같은, 딥러닝 작업 처리 서버 구축 경험혜택 및 복지• 출/퇴근 지원- 자율 출/퇴근제 (코어타임 11시-17시)- 편리한 출퇴근 (성수역 도보 5분)• 근무환경- 당신의 마음과 같이 넓은 180Cm FURSYS Desk 제공- 자유로운 영혼을 위한 자유 좌석 공간 제공- 커피 및 간식 무한 제공- R&D Center 최고 사양 GPU 서버 제공• 걱정 No! 첫날 완벽 업무 환경 제공 - 고사양 노트북 or 데스크탑- 듀얼 모니터 및 관련 장비- 모니터/노트북 받침대 - To be continue…. !!• 보상제도- 반기별 연봉 조정- 재직자 내일채움공제 5년형 가입 지원- 청년내일채움공제 가입지원- 중소기업 취업청년 소득세 감면 지원- 정규직 전원 스톡옵션 제공 [수습 기간 종료 후]- 명절(설, 추석) 상여금 지급• 휴가정책- 생일 유급휴가 1일 지급- 파격적인 경조사 제도 (든든한 경조 휴가 및 경조금)- 눈치는 NO! 자유로운 휴가 사용• 자기계발 지원- 자기계발비 (운동/학원 등록 등) 매월 지원- 품격있는 오너의 커피타임 지원: 랜덤 1:1 커피챗 프로그램- 팀 빌딩비 및 회식비 지원- 오너의 CLASS: 각종 교육 지원- 국내/외 학회 논문 게재 시, 참가비 지원- AI 해외 학회 왕복 항공비 지원• 의료/건강 정책- 건강검진대상자 기본건강검진 지원- 상비약(구급약품)기술스택 ・ 툴GitGithubReactVueJSAWSNodeJSReact Native')"
20,R&D Center AI Deep Learning Researcher AI 딥러닝 연구원 (병역특례 전문연구원 가능),"('R&D Center AI Deep Learning Researcher AI 딥러닝 연구원 (병역특례 전문연구원 가능)', 'We Build a World Closer Than Ever!그 어느 때 보다 더 가까워진 세상을 만들다!사진 1장과 음성 30초만으로도 디지털 휴먼 제작이 가능한딥휴먼 기술을 가진 AI Tech 스타트업 KLleon 클레온입니다.클레온은 최첨단 딥러닝 생성 기술을 이용하여, 전 세계 모든 정보를 디지털 휴먼으로 전환함으로써 언제든 실제 대화하는 듯 한 경험을 제공하는 문화를 구축하고 인간의 인지적 능력 향상 및 외로움에서 해방되는 것을 추구합니다.클레온은 고도의 딥러닝 기술을 누구나 손쉽게 즐길 수 있도록 새로운 문화적 가치를 창출하며, 당사의 기술이 좋은 방향으로 선하게 사용될 수 있도록 올바른 문화를 선도합니다. 현재 전세계 어디에서도 볼 수 없는 혁신적인 기술들을 보유하고 있으며, 15명의 카이스트 및 우수 대학의 석사, 박사 출신의 연구원들과 함께 끊임없이 연구 개발 중입니다.또한, Kaist 출신의 경희대학교 교수님과 StarGAN 저자이신 UNIST 교수님의 영입으로 기술 고도화와 사업 확장에 박차를 가하고 있습니다.실제 카카오, 현대, LG, CJ ENM 등 유수 기업들과의 협업을 통해 이미 기술력을 입증했고, 패션/뷰티, 교육, 디지털 광고, 미디어 등 다양한 분야의 산업에 실감형 콘텐츠를 적용하여 새로운 문화적 가치를 창출하고 있습니다. 탄탄한 기술력을 바탕으로 시장에서 인정받는 것은 물론이고, 우수한 능력과 멋진 인성을 겸비한 동료들이 가득한 클레온에서 함께 새로운 시대를 열어갈 NEXT 클레오너를 찾고 있습니다.본인의 분야에서 최고의 전문가를 꿈꾸는 프로 열정러에게,언제나 문이 열려있는 클레온으로 지금 지원하세요.주요업무• 딥러닝 네트워크 고도화    -Computer Vision        -Generative Model (Super Resolution, Latent Search, 3D Modeling, Facial Animation Generation, Body Generation, etc)        -Discriminative Model (Face Detection, Face Segmentation, Landmark Detection, etc)• 이 외 신기술 개발    -Speech & NLP        -Speech Generation (TTS, STS, etc)        -NLG (Chatbot)    - ETC        -Multimodal Model (CLIP, Lip Sync Generation, etc)        -Meta Learning (Few-shot Learning, Continual Learning, etc)1. 본 포지션의 채용 절차는 다음과 같습니다.* 서류 전형 ＞ 코딩 테스트 ＞ 1차 실무진 면접 ＞ 2차 컬처핏 면접 ＞ 최종 합격2. 이력서 제출이 필수입니다.2-1. 포트폴리오, 깃헙 주소 제출 필수입니다.3. 허위사실 기재 시 채용이 취소될 수 있습니다.자격요건• 딥러닝 경력 2년이상(석사이상 경력 인정)• Pytorch 사용 경험• 전문 연구원(병역 특례) 가능우대사항• 딥러닝 혹은 유사 분야 논문 작성 경험• 논문 해석 및 Oral Presentation 이해가능한 영어실력• 새로운 연구에 대해 적극적이고 주도적인 분• 최신 기술 트렌드를 빨리 캐치하고 적용할 수 있는 분혜택 및 복지• 출/퇴근 지원- 자율 출/퇴근제 (코어타임 11시-17시)- 편리한 출퇴근 (성수역 도보 5분)• 근무환경- 당신의 마음과 같이 넓은 180Cm FURSYS Desk 제공- 자유로운 영혼을 위한 자유 좌석 공간 제공- 커피 및 간식 무한 제공- R&D Center 최고 사양 GPU 서버 제공• 걱정 No! 첫날 완벽 업무 환경 제공 - 고사양 노트북 or 데스크탑- 듀얼 모니터 및 관련 장비- 모니터/노트북 받침대 - To be continue…. !!• 보상제도- 반기별 연봉 조정- 재직자 내일채움공제 5년형 가입 지원- 청년내일채움공제 가입지원- 중소기업 취업청년 소득세 감면 지원- 정규직 전원 스톡옵션 제공 [수습 기간 종료 후]- 명절(설, 추석) 상여금 지급• 휴가정책- 생일 유급휴가 1일 지급- 파격적인 경조사 제도 (든든한 경조 휴가 및 경조금)- 눈치는 NO! 자유로운 휴가 사용• 자기계발 지원- 자기계발비 (운동/학원 등록 등) 매월 지원- 품격있는 오너의 커피타임 지원: 랜덤 1:1 커피챗 프로그램- 팀 빌딩비 및 회식비 지원- 오너의 CLASS: 각종 교육 지원- 국내/외 학회 논문 게재 시, 참가비 지원- AI 해외 학회 왕복 항공비 지원• 의료/건강 정책- 건강검진대상자 기본건강검진 지원- 상비약(구급약품)기술스택 ・ 툴GitGithubReactVueJSAWSNodeJSReact Native')"
21,AI / 인공지능 / 딥러닝 개발자,"('AI / 인공지능 / 딥러닝 개발자', ""메라커는 정부출연연구소인 한국전기연구원에서 스핀오프한 창업 기업입니다.인공지능 영상분석 기술력을 바탕으로 AI전문가와 IT전문가가 의기투합하여 설립하였습니다.메라커는 영혼을 담아 창조하는 사람(Meraki+er)을 뜻합니다. 인공지능으로 분석하여 고품질의 영상을 제공하거나 질병의 선별진단을 보조하고 인공지능 전용의 하드웨어(센서, 카메라)를 만들기도 합니다.독자적으로 일을 수행하기 보다 사람을 도와 일을 같이 할 수 있는 인공지능을 지향합니다.창업(2021년 11월)과 동시에 메타버스 대표기업인 위지윅스튜디오에서 시드투자 10억을 유치하였고, 한국일보에서 주최하는 '2022년 대한민국 혁신기업 대상'에도 선정되었습니다.저희들은 스타트업과 함께 배우고 성장할 동료들을 기다리고 있습니다.자세한 내용은 회사 홈페이지를 참고하세요- 관련기사전기硏 창업기업 ‘메라커’, 위지윅스튜디오 10억 시드투자 유치http://news.heraldcorp.com/view.php?ud=20211222000221[2022 대한민국 혁신기업 대상] 메라커https://www.hankookilbo.com/News/Read/A2022012714470005286?did=NA주요업무딥 러닝을 이용한 영상처리 및 진단 알고리즘을 개발하는 직군입니다.- 딥러닝 프레임워크 (Pytorch, Tensorflow 등) 사용- 영상 처리 / 진단 알고리즘 개발- 안과 질환 (백내장, 녹내장, 망막병증, 황반변성) 진단 알고리즘 개발 경험 가능- 메타버스용 컴퓨터 비전 기반 알고리즘 개발 경험 가능- 인공지능 논문 분석을 통하여 인공지능 역량 증대- 인공지능 관련 연구 커뮤니티 및 학회 활동 지원자격요건ㆍ학력 : 대졸이상ㆍ경력 : 신입· 경력 무관우대사항ㆍ학력 : 석박사 경험ㆍ파이썬, C/C++ 등 프로그래밍 가능자ㆍDCNN, GAN 등 영상처리 딥러닝 알고리즘 개발 경험자혜택 및 복지• 스탁옵션• 중식제공기술스택 ・ 툴PythonC++Zemax"")"
22,딥러닝 엔지니어,"('딥러닝 엔지니어', '의료 인공지능 스타트업 온택트헬스에서 함께할 딥러닝 엔지니어를 모십니다.온택트헬스는 평균 6년 이상 경력의 의료 인공지능 분야 석/박사급 인력으로 구성되어 있으며, 최근 사업성과 성장성을 기반으로 VC 투자를 유치하였습니다.본인의 역량을 100% 발휘할 수 있는 환경에서 회사와 함께 발전하는 커리어를 원하시는 분들의 많은 지원 바랍니다.[온택트헬스의 개발문화]구성원 각자의 자율성과 책임감을 기본으로 새로운 기술을 제안하고 도입할 수 있으며, 자유로운 분위기의 사내 세미나, 코드 리뷰를 통해 완성도 높은 결과물을 도출하고자 노력합니다.또한 효율적인 업무환경을 위해 구성원들의 의견을 적극 반영하여 지속적으로 발전시키고 있습니다.주요업무건강보험 빅데이터를 활용한 딥러닝 기반 알고리즘 개발자격요건• 컴퓨터 사이언스 관련 전공자 혹은 그에 상응하는 경력 보유자• 관련분야 경력 2년 이상• 숙련된 Python, R 활용 스킬 보유자• 긍정적이며 원활한 의사소통 스킬우대사항• 딥러닝 모델 개발경험 우대• 관련분야 석사학위 이상 취득자혜택 및 복지• 이대역 3번 출구 5분 거리 사무실• 음료와 간식 무제한 제공• 자유로운 연차휴가 사용• 듀얼모니터 포함 최신사양의 장비 지원• 명절 선물 지급기술스택 ・ 툴ConfluenceGitSlackAzureLinuxJavaPythonAWSGCPRESTful WebServicesRESTful Architecture')"
23,딥러닝 / 머신러닝 연구원,"('딥러닝 / 머신러닝 연구원', '아하랩스는 AI를 통한 솔루션과 서비스를 만드는 기업입니다.주요 제품은 다음과 같습니다.1) 스마트 팩토리용 비전 검사 솔루션 - CCTV 비정상 검출 솔루션 - Vision을 통한 불량 검사 솔루션2) 음성 변환 솔루션 - 실시간 음성 변환 솔루션 및 서비스 - 고품질 음성 변환 솔루션 및 서비스주요업무• 당사의 AI 솔루션 연구 / 개발• Anomaly Detection, Semi-Supervised, Self-Supervised 개발• Video, Vision 관련 Classification, Segmentation, Object Detection AI 모델 연구 / 개발• 모델 최적화 및 경량화 연구, 개발자격요건• 딥러닝 연구 경험자• C/C++, Python 숙련자우대사항• 관련 딥러닝 모델 연구 경험자 우대• 영상 스트리밍 / 영상 처리 경험자 우대• 다양한 도메인의 지식을 보유한자 우대혜택 및 복지• 점심, 간식 제공!• 자기계발비 지원 (월 10만원)• 탄력 근무제 시행중 (8~11시 출근, 5~8시 퇴근)• 32시간 근무제 임시 시행중 (월요일 오후 출근, 금요일 오후 퇴근)기술스택 ・ 툴GitAndroid.NETiOSC#JavaScriptNode.jsPythonAWSReact.js')"
24,영상분야 딥러닝 개발자,"('영상분야 딥러닝 개발자', ""포지큐브는 AI 기술 전문 회사로,공공기관 및 민간기업에게 AI Voice & Vision 서비스를 제공하고 있습니다.뉴스에서 들어본 것 같은 AI 기술이 아닌, 삶에 적용되는 AI 서비스를 제공하고 있습니다.AI 기술이 우리 삶의 당연한 일부분이 되는 그 날을 향해 노력하고 있습니다.AI 전화 응대 서비스, AI based OCR 서비스 등의 AI 서비스를 개발·운영합니다.#. 포지큐브에 합류해야 하는 이유!!- 국내 최초의, 최고의 엔지니어와 함께하는 AI 개발 그룹      삼성전자, LG전자 엔지니어를 리더로 최고의 AI기술을 만들어 갑니다.  - 매년 매출 200% 로켓 성장 기업      각종 관공서, 공공 영역 뿐만 아니라 금융권, 보험업까지 AI voice&vision 솔루션을 확장하고 있습니다. (주요 거래처 카카오, NHN, Toss, 바디프렌드, KTDS, NH농협, 하나카드, KB국민카드 등)  - 110억원 시리즈B 투자유치로 사업 확장 중      2017년 창업한 이래로 TIPS, SW 고성장클럽, KB 스타터스 등에 선정되며 그 가능성을 인정 받았을 뿐만 아니라, 2020년에는 캡스톤 파트너스, HB 인베스트먼트, 윈 벤처 투자, BA 파트너스에서 시리즈 A 투자유치, 2021년에는 시리즈 B 투자유치에 성공했습니다.    #. 포지큐브는 이런 분을 찾고 있습니다.- AI 분야의 최전선에서 경쟁력 있는 커리어를 만들어가고 싶으신 분- 새로운 것에 대한 지적 호기심이 많은 분- 발전과 도전을 두려워하지 않는 분- 맡은 일에 책임감을 갖고 임하며, 문제 상황을 외면하지 않는 분- 회사와 내가 서로에게 성장의 바탕이 된다는 것을 이해하시는 분#. 포지큐브는 이런 문화를 갖고 있어요.- 업무에 몰입할 수 있다면 재택근무도 가능해요.- 동료를 도와가며 협업해요.- 수평적인 '님' 문화를 갖고 있어요.- 연차는 자유롭게 사용할 수 있어요.- 업무 중 휴식도 중요해요. 휴식 시간 탁구와 오락도 가능해요.#. 언론 소개   머니투데이 : [https://bit.ly/3DotC1n](https://bit.ly/3DotC1n)\u3000오피니언뉴스 : [https://bit.ly/3Do27oT](https://bit.ly/3Do27oT)\u3000전자신문 : [https://bit.ly/3ouwxiQ](https://bit.ly/3ouwxiQ)\u3000Korea Times : [https://bit.ly/30uJbqs](https://bit.ly/30uJbqs)\u3000아시아경제 : [https://bit.ly/3HxJ6D4](https://bit.ly/3HxJ6D4)\u3000IT조선 : [https://bit.ly/3wV2lkI](https://bit.ly/3wV2lkI)\u3000전자신문 : [https://bit.ly/3niZyPf](https://bit.ly/3niZyPf)\u3000KEB하나은행 : [https://bit.ly/3FnMluN](https://bit.ly/3FnMluN)#. 회사 소개- 포지큐브 유튜브 채널 : https://www.youtube.com/channel/UC_qsD8YubD0W92WYJNh3R-w주요업무- Face Detection/Landmark Alignment- Virtual Facial Image 생성 기술 개발(GAN)- Text/Voice to Video 생성 기술 개발(GAN)- Virtual Facial Image & Video 합성 기술(Deepfake) 개발- 3D Face/Body Reconstruction 기술 개발자격요건- 신입 또는 경력- Python 개발 가능하신 분- PyTorch, Tensorflow 등 딥러닝 프레임워크를 이용하여 딥러닝 기술 개발 가능하신 분- 최신 논문을 이해하고 구현 가능하신 분우대사항- C/C++ 개발 가능하신 분- Docker 환경 사용 가능하신 분- Linux 환경 사용 가능하신 분- Flask Server 구현 가능하신 분- 머신러닝/딥러닝 전공하신 분- 유관 경력(영상 인식, 영상 생성, Computer Vision 기술 개발 경험) 보유하신 분- 유관 전공(컴퓨터, 소프트웨어, 응용 수학 등) 석사 이상 학위 보유하신 분혜택 및 복지[근무환경]• 근무형태 : 정규직 (수습기간 3개월)• 근무시간 : 주5일 (월~금)• 근무지역 : 강남구 역삼동 포지큐브 본사[혜택 및 복지]• 저녁에 업무가 잘되는 당신, 선택적 자율출퇴근제• 오늘은 혼자 있고 싶어요, 재택근무 가능• 몸이 건강해야 마음이 건강하다! 매년 제공되는 건강검진• 당신의 개성을 존중합니다. 개인별 맞춤 장비 제공• 먹고 일하는 직원이 행복하다! 화수분처럼 쏟아지는 간식bar• 근무시간에 탁구 경기 가능! 탁구대, 플스 구비• 합법적 비상금 충당 가능! 매월 급여 외 식대 제공(비상금 충당 가능)• 서로 윈윈하자! 자기계발비, 교육훈련비, 도서지원• 160평 2개층 규모의 사무실과 카페테리아• 스톡옵션, 퇴직연금, 성과급 제도 운영(더 많은 복리후생을 제공하기 위해 HR팀 열일중입니다!)기술스택 ・ 툴DjangoFlaskJavaJavaScriptTypeScriptAWSCiscoAPI스위치라우터DockerJuniperNodeJSAxureStateflow"")"
25,음성/자연어 딥러닝,"('음성/자연어 딥러닝', ""포지큐브는 AI 기술 전문 회사로,공공기관 및 민간기업에게 AI Voice & Vision 서비스를 제공하고 있습니다.뉴스에서 들어본 것 같은 AI 기술이 아닌, 삶에 적용되는 AI 서비스를 제공하고 있습니다.AI 기술이 우리 삶의 당연한 일부분이 되는 그 날을 향해 노력하고 있습니다.AI 전화 응대 서비스, AI based OCR 서비스 등의 AI 서비스를 개발·운영합니다.#. 포지큐브에 합류해야 하는 이유!!- 국내 최초의, 최고의 엔지니어와 함께하는 AI 개발 그룹      삼성전자, LG전자 엔지니어를 리더로 최고의 AI기술을 만들어 갑니다.  - 매년 매출 200% 로켓 성장 기업      각종 관공서, 공공 영역 뿐만 아니라 금융권, 보험업까지 AI voice&vision 솔루션을 확장하고 있습니다. (주요 거래처 카카오, NHN, Toss, 바디프렌드, KTDS, NH농협, 하나카드, KB국민카드 등)  - 110억원 시리즈B 투자유치로 사업 확장 중      2017년 창업한 이래로 TIPS, SW 고성장클럽, KB 스타터스 등에 선정되며 그 가능성을 인정 받았을 뿐만 아니라, 2020년에는 캡스톤 파트너스, HB 인베스트먼트, 윈 벤처 투자, BA 파트너스에서 시리즈 A 투자유치, 2021년에는 시리즈 B 투자유치에 성공했습니다.    #. 포지큐브는 이런 분을 찾고 있습니다.- AI 분야의 최전선에서 경쟁력 있는 커리어를 만들어가고 싶으신 분- 새로운 것에 대한 지적 호기심이 많은 분- 발전과 도전을 두려워하지 않는 분- 맡은 일에 책임감을 갖고 임하며, 문제 상황을 외면하지 않는 분- 회사와 내가 서로에게 성장의 바탕이 된다는 것을 이해하시는 분#. 포지큐브는 이런 문화를 갖고 있어요.- 업무에 몰입할 수 있다면 재택근무도 가능해요.- 동료를 도와가며 협업해요.- 수평적인 '님' 문화를 갖고 있어요.- 연차는 자유롭게 사용할 수 있어요.- 업무 중 휴식도 중요해요. 휴식 시간 탁구와 오락도 가능해요.#. 언론 소개   머니투데이 : [https://bit.ly/3DotC1n](https://bit.ly/3DotC1n)\u3000오피니언뉴스 : [https://bit.ly/3Do27oT](https://bit.ly/3Do27oT)\u3000전자신문 : [https://bit.ly/3ouwxiQ](https://bit.ly/3ouwxiQ)\u3000Korea Times : [https://bit.ly/30uJbqs](https://bit.ly/30uJbqs)\u3000아시아경제 : [https://bit.ly/3HxJ6D4](https://bit.ly/3HxJ6D4)\u3000IT조선 : [https://bit.ly/3wV2lkI](https://bit.ly/3wV2lkI)\u3000전자신문 : [https://bit.ly/3niZyPf](https://bit.ly/3niZyPf)\u3000KEB하나은행 : [https://bit.ly/3FnMluN](https://bit.ly/3FnMluN)#. 회사 소개- 포지큐브 유튜브 채널 : https://www.youtube.com/channel/UC_qsD8YubD0W92WYJNh3R-w주요업무음성인식 딥러닝 개발STT 기술 개발 : SpeechToText 기술 개발- wav2vec 학습- wav2vec 경량화- wav2vec 정확도 개선- 자사 TTS를 이용한 샘플 제작- 한국 주소 DB 구축- STT 결과 Text와 주소 매칭 엔진 개발 노이즈필터 및 음성 특징 분석 딥러닝 개발딥러닝을 이용한 음성 특징 분석 및 노이즈 제거 기술 개발- 전화 음성의 연령대, 성별 추론 엔진 개발(딥러닝)- 전화 녹음의 background sound 및 white noise 제거 기술 개발NLP/NLU 딥러닝 개발 - BERT / ELECTRA 연구 - 자연어 형태소 분석 연구 - 챗봇 연구자격요건- 딥러닝 기초 지식- Python- Docker / Conda / Linux 사용 경험우대사항- 머신러닝/딥러닝 경험자- 음성 분석 또는 노이즈 제거 기술 개발 유경험자- word vector, TTS, STT, NLP 기술 개발 유경험자- 최신 논문을 이해하고 구현 가능한 자 - Java, C/C++ 중 하나이상 가능 자 - 컴퓨터공학 / 한국어 / 음성학 전공 - 경력 - 분야 무관 딥러닝 2년 이상혜택 및 복지[근무환경]• 근무형태 : 정규직 (수습기간 3개월)• 근무시간 : 주5일 (월~금)[혜택 및 복지]• 저녁에 업무가 잘되는 당신, 선택적 자율출퇴근제• 오늘은 혼자 있고 싶어요, 재택근무 가능• 몸이 건강해야 마음이 건강하다! 매년 제공되는 건강검진• 당신의 개성을 존중합니다. 개인별 맞춤 장비 제공• 먹고 일하는 직원이 행복하다! 화수분처럼 쏟아지는 간식bar• 근무시간에 탁구 경기 가능! 탁구대, 플스 구비• 합법적 비상금 충당 가능! 매월 급여 외 식대 제공(비상금 충당 가능)• 서로 윈윈하자! 자기계발비, 교육훈련비, 도서지원• 160평 2개층 규모의 사무실과 카페테리아• 스톡옵션, 퇴직연금, 성과급 제도 운영(더 많은 복리후생을 제공하기 위해 HR팀 열일중입니다!)기술스택 ・ 툴DjangoFlaskJavaJavaScriptTypeScriptAWSCiscoAPI스위치라우터DockerJuniperNodeJSAxureStateflow"")"
26,영상처리/바이오인식/딥러닝 기반 알고리즘 개발자,"('영상처리/바이오인식/딥러닝 기반 알고리즘 개발자', 'Join Us, Shape the Future.Global No.1 Biometric Digital Identity 솔루션 전문기업슈프리마아이디는 2017년 슈프리마로부터 ID사업부를 분할하여 Biometric(생체인식)을 통한전자주민증, 전자여권과 같은 eID를 바탕으로 글로벌 공공분야 등록/인증 시장에서독보적인 경쟁력을 확보하고 있으며, 업계를 선도하는 지문 및 얼굴 인식 기술과 국내 최초로 여권판독기 생산 판매로 국내시장 점유율 1위를 달성한 바이오인식-보안 전문 기업입니다.주요업무▪ 바이오 영상 취득 및 영상 처리▪ 바이오 인식 성능 평가 및 개선▪ 바이오 인식 관련 알고리즘 개발 (예, 지문, 얼굴, OCR 등)자격요건▪ 전자공학, 전기공학, 컴퓨터공학 등 관련 전공▪ 영상처리, 컴퓨터비전, 머신비전(딥러닝) 알고리즘 개발 경험▪ C/C++ 코딩 필수▪ C#, Java, Python, Android 코딩 우대혜택 및 복지• 4.5일제 (금요일 4시간 근무)• 이주비 100만원 지원 (오피스 근방 이주시)• 생활안정자금 매월 30만원 지원 (오피스 근방 이주시 2년간)• 청년 내일채움공제 지원• 자기계발비 최대 연 180만원 지원• 사내 어학 아카데미 운영• 休프리마 심리상담 지원• 리조트 지원기술스택 ・ 툴JavaScriptNode.jsNodeJS자바 스크립트 라이브러리백엔드 개발')"
27,[에듀테크연구소] 딥러닝 개발자,"('[에듀테크연구소] 딥러닝 개발자', ""42년의 교육 노하우와 독자적인 AI기술을 바탕으로 에듀테크(Edutech) 시장을 선도하고 있는 '웅진씽크빅'에서, 딥러닝 개발자 채용을 진행합니다.많은 관심과 지원 바랍니다.주요업무- Edutech 관련 서비스의 기술 및 응용 SW 기획 및 개발- AI기반 기술을 활용한 서비스 Prototype 개발 / Technical PM- 외부 솔루션을 활용한 신규 서비스 기획 및 인큐베이팅 - 기술개발 전략 회의체 운영자격요건- 딥러닝 개발 경력 3년 이상인 분- 아래 프로젝트 경험이 있는 분(아래 기술 중 1개 이상) 1) vision(object detection, classification, OCR 등) 2) speech(TTS, STT, Cloud API) 3) Information retrieving/mining- 서비스 및 주요 기능의 기획부터 개발까지 전 과정을 경험해본 분우대사항- 아래 경험 또는 자격을 보유한 분 1) 프로젝트 기획 및 개발을 통한 상용화 경험 2) 외부 API연동을 통한 응용 3) 수학/통계/알고리즘/딥러닝 관련 석박사 학위 4) 딥러닝의 최신 연구성과 모니터링 및 활용에 대한 관심 5) 오픈 소스 기반 클라우드 서비스 구축/운영 경험 6) 기술 스타트업에서 기획 및 개발업무 수행 경험혜택 및 복지- 전형절차 : 서류전형 ＞ 1차면접(화상) ＞ 2차면접(대면) ＞ 최종 합격자 발표- 근로형태 : 정규직(입사 후 3개월 시용기간 적용)  ※ 시용기간에도 급여 100% 지급- 근무장소 : 서울 중구(케이스퀘어빌딩)/ 광화문역 인근- 근무요일/시간 : 월요일~금요일(주 5일)/ 오전 9시~오후 6시  ※ 선택적 근로시간제/시차출퇴근제 운영  ※ 매주 수요일 조기 퇴근제 운영(퇴근시간 : 오후 4시 30분)  - 급여조건 : 회사 내규에 따름기술스택 ・ 툴SAPOracleJavaJavaScriptSQLRESTAPISpring FrameworkiBatis"")"
28,딥러닝 음성 생성 분야 인공지능 연구원(AI Researcher),"('딥러닝 음성 생성 분야 인공지능 연구원(AI Researcher)', ""#설립 3년 차 #시리즈 A 65억원 유치 #AI Human #새로운 사무실 #30명+[회사 소개]라이언로켓(LionRocket)은 AI를 통해 영상 콘텐츠를 만드는 패러다임을 전환합니다. 독자적인 인공지능 기반 음성 · 영상생성 기술 기반 솔루션을 통해소비자와 시장이 원하는 인공지능을 연구개발합니다.특히 적대적 신경망(GAN)을 활용하여 자체개발한 음성/영상 생성기술은국내외 최고 수준으로 인정받고 있습니다.메타 페르소나(AI human) 제작 기술로 누구나 스튜디오 퀄리티의 콘텐츠를 만들 수 있도록 하는 온에어스튜디오를 가꾸어나가고 있으며,우리은행, 삼성화재 등 국내 유수 기업들과 파트너로서 플랫폼을 제공해오고 있습니다. 2022년 3분기 안에 새로운 인공지능 서비스 또한 공개될 예정입니다.2021 Forbes '아시아의 영향력 있는 30인'에 선정된 3인의 공동창업자와30여명의 열정적인 팀원들이 올해 시리즈 B를 준비 중에 있습니다.기존 AI 비즈니스가 보여주지 못한 새로운 시장을 함께 열어갈성장에 대한 열의가 넘치는 팀원들이 필요합니다.고속성장하는 로켓에 탑승하여 멋진 모험을 함께할 음성 인공지능 연구원을 찾고 있습니다.[직무 소개]인공지능으로 음성 및 영상을 합성·생성해내는 기술을 연구하고 있습니다. 인공지능 생성 분야는 기존의 딥러닝 분야에 있어서 연구에 비해 사업화가 어려워 상대적으로 탁월한 성능을 보이는 기업이 적은 상태입니다. 그만큼 레퍼런스가 부족하지만 새로운 기회와 비약적인 성장을 포착해낼 수 있는 흥미진진한 연구분야입니다. 브레인팀은 인공지능 음성 합성만을 연구하던 때부터 약 3년 여에 걸쳐 축적한 딥러닝에 대한 노하우와 경험을 바탕으로 빠른 속도로 영상 관련 기술을 상용화할 수 있었습니다. 가장 빠른, 그리고 효율적인 연구성과를 기초로 라이언로켓의 강점, 그리고 차별점이 되기 위해 오늘도 연구 중입니다.[주요 연혁]- 2019. 3. 라이언로켓 설립- 2019. 8. Seed 투자 유치(매쉬업엔젤스) 및 TIPS 선정- 2019.11. KDB 스타트업 경진대회 우승- 2020.04. MBC 총선 개표방송 AI 캐스터 도입- 2020.09. 문화재청 이병헌, 한지민 배우 AI TTS 제작 및 기부- 2020.10. Pre-A 투자 유치(키움, 티인베스트먼트)- 2021.04. 우리은행 AI 뱅커 육성 업무협약 체결- 2021.05. 2021 Forbes 30 Under 30 in Asia 선정- 2021.08. 영국 Futurology.life 한국 머신러닝 스타트업 TOP 101 선정- 2021.09. KB국민카드 Future9 5기 선정- 2021.11. 2021 GTC(NVIDIA Global Conference) 한국 지역 발표 패널 선정- 2021.12. 시리즈 A 투자 65억원 유치- 2022.02. 신한퓨처스랩 8기 선정주요업무[주요업무]• 최신 음성 합성 논문 리뷰 및 구현• 최신 음성 합성 기술에 대한 리서치• 자사 음성 합성, 변환 엔진 개선[서류 전형](필수) 자유양식 이력서 제출(권장) 포트폴리오 또는 github 링크 등 프로젝트 경험을 확인할 수 있는 자료 첨부• 1차 면접   : 직무능력과 업무수행경험을 확인하기 위한 실무진 미팅을 진행합니다.     면접은 대면 또는 비대면 중 희망하시는 방식으로 진행 가능합니다.• 2차 면접   : 일하는 방식과 협업능력, 성장에 대한 의지 등을 확인하기 위한 임원 미팅을 진행합니다.자격요건• 딥러닝 음성 관련 전공 석사 이상의 경력 또는 관련 학회 논문 제출 경험• 최신 딥러닝 · 머신러닝 동향에 대한 이해• 최신 딥러닝 논문을 코드로 구현하고 실험, 결과를 재현할 수 있는 능력• Python을 능숙하게 다룰 수 있는 능력• librosa, kaldi등의 파이썬 오디오 처리 관련 라이브러리 사용 경험• PyTorch를 활용하여 자유롭게 모델을 구현할 수 있는 능력• 구현된 모델의 개선점과 문제의 원인을 파악하여 수정해본 경험우대사항• 음성 · 오디오 신호처리 분야의 새로운 알고리즘을 제안하고 구현해 본 경험• 전통적인 음성·오디오 신호처리 알고리즘에 대한 구현 경험• Tensorflow, Jax/Flax 등 추가 딥러닝 프레임워크 사용 경험• CUDA에 대한 이해와 가속화 모듈 개발 경험이 있으신 분• 각종 가속화 라이브러리를 통한 성능 개선 경험이 있으신 분혜택 및 복지• 자율출근 (오전 8시~오전 11시 사이, 내가 가장 편한 시간에 출근 + 재택근무 가능)• 업무를 위한 맥북과 모니터가 제공됩니다.• 점심, 저녁 식대 제공• 매주 채워지는 스낵바• 성장을 위한 최대한의 지원 (도서구입, 직무교육비 지원)• 생일날 반차와 문화상품권 지급• 사랑하는 가족들의 목소리 보관(선택)기술스택 ・ 툴JavaKotlinSwift"")"
29,딥러닝 영상 생성분야 인공지능 연구원(AI Researcher),"('딥러닝 영상 생성분야 인공지능 연구원(AI Researcher)', '#설립 3년 차 #시리즈 A 65억원 유치 #AI Human #새로운 사무실 #30명+[회사 소개]AI 영상 생성 스타트업 라이언로켓입니다. 인공지능 딥러닝 기반의 음성 및 영상생성 기술로 AI Human을 만들고 이를 활용한 동영상 콘텐츠 제작 서비스, ""온에어스튜디오""를 가꾸어나가고 있습니다.온에어스튜디오는 텍스트만 입력하면 매력적인 목소리와 얼굴을 지닌 AI Human으로 영상 콘텐츠를 제작할 수 있는 서비스입니다. 동영상 제작의 허들을 낮춰, 누구나 자신의 이야기를 모두와 쉽게 공유할 수 있는 크리에이터가 되는 세상을 만들고자 합니다. 2022년 본격적인 도전의 시작을 함께할 성장에 대한 열의가 넘치는 팀원을 찾고 있습니다!  [직무 소개]라이언로켓은 인공지능 딥러닝 기반의 음성·영상 합성 및 생성기술을 연구개발하고 있습니다.  텍스트를 입력하면 학습된 화자의 음성이 출력되는 음성합성기술(Text to Speech) 분야와음성을 기반으로 화자의 발화 영상을 생성하는 영상합성분야로 각 영역의 최고 수준에 도달하기 위해 노력하고 있습니다. 명확한 비전과 충분한 컴퓨팅 리소스를 바탕으로, 연구에만 집중할 수 있는 환경과 리서치 프로세스를 구축해나가고 있습니다. 라이언로켓과 함께 국내를 넘어 해외까지 선보일 수 있는 기술과 서비스를 만들어나갈 인공지능연구원 팀원을 모시고 있습니다.[주요 연혁]- 2019. 3. 라이언로켓 설립- 2019. 8. Seed 투자 유치(매쉬업엔젤스) 및 TIPS 선정- 2019.11. KDB 스타트업 경진대회 우승- 2020.04. MBC 총선 개표방송 AI 캐스터 도입- 2020.09. 문화재청 이병헌, 한지민 배우 AI TTS 제작 및 기부- 2020.10. Pre-A 투자 유치(키움, 티인베스트먼트)- 2021.04. 우리은행 AI 뱅커 육성 업무협약 체결- 2021.05. 2021 Forbes 30 Under 30 in Asia 선정- 2021.08. 영국 Futurology.life 한국 머신러닝 스타트업 TOP 101 선정- 2021.09. KB국민카드 Future9 5기 선정- 2021.11. 2021 GTC(NVIDIA Global Conference) 한국 지역 발표 패널 선정- 2021.12. 시리즈 A 투자 65억원 유치- 2022.02. 신한퓨처스랩 8기 선정주요업무• 자사 인공지능 음성/영상 합성분야의 연구성과 축적 및 성능 개선• 이를 위한 최신 음성/영상 합성 분야 기술 리서치, 구현 및 분석• 축적한 연구성과를 바탕으로 아이디어 제시, 실현을 위한 실험과 평가 수행자격요건• 딥러닝 비전 관련 전공 석사 이상의 경력 또는 관련 학회 논문 제출 경험• 최신 딥러닝 · 머신러닝 동향에 대한 이해 및 코드로 구현하고 실험할 수 있는 능력• Python, PyTorch를 활용하여 자유롭게 모델을 구현할 수 있는 능력• 구현된 모델의 개선점과 문제의 원인을 파악하여 수정해본 경험• (음성) librosa, kaldi 등의 파이썬 오디오 처리 관련 라이브러리 사용 경험• (영상) opencv, ffmpeg등의 영상/이미지 처리 관련 라이브러리 사용 경험우대사항• Tensorflow, Jax/Flax 등 추가 딥러닝 프레임워크 사용 경험• CUDA에 대한 이해와 가속화 모듈 개발 경험이 있으신 분• 각종 가속화 라이브러리를 통한 성능 개선 경험이 있으신 분혜택 및 복지• 자율출근 (오전 8시~오전 11시 사이, 내가 가장 편한 시간에 출근 + 재택근무 가능)• 업무를 위한 맥북과 모니터가 제공됩니다.• 점심, 저녁 식대 제공• 매주 채워지는 스낵바• 성장을 위한 최대한의 지원 (도서구입, 직무교육비 지원)• 생일날 반차와 문화상품권 지급• 사랑하는 가족들의 목소리 보관(선택)기술스택 ・ 툴JavaKotlinSwift')"
30,"AI, 딥러닝 연구개발(딥러닝, 머신러닝, Tensorflow, Pytorch)","('AI, 딥러닝 연구개발(딥러닝, 머신러닝, Tensorflow, Pytorch)', ""이에이트는 디지털 트윈으로 연결하는 메타버스의 시작을 향해 나아가는 플랫폼 개발 기업입니다. '디지털 세상에서 기존 문제를 재설정하여 사회에 새로운 해결방안을 제시한다'라는 기업 미션을 바탕으로 국내 최초 순수 국내 기술로 개발된 입자기반 시뮬레이션 소프트웨어 NFLOW 및 디지털 트윈 플랫폼 NDX PRO를 제공하고 있습니다. 스마트시티, 수자원 관리, 항공 우주, 바이오 헬스케어, 스마트 제조, 신재생 에너지 시뮬레이션과 디지털 트윈 융합이 필요한 모든 산업분야에서 최고의 파트너가 되고자 국내 최고수준의 인재들과 함께 연구개발에 매진하고 있습니다. 모든 것이 디지털화 되어 가는 세상에서, 이에이트가 가지고 있는 기술을 통해 우리 사회가 직면한 문제들에 대한 새로운 해법을 제시하고, 이에이트의 기술을 어떻게 사회에 유익한 방향으로 활용할 수 있을지를 고민합니다. 이에이트의 모든 구성원들은 서로를 '존중'하고, 업무와 관련한 모든 것을 '공유'하며, 각자의 생각을 자유롭게 '소통'하면서 함께 회사를 발전시켜 나가고 있습니다. 이에이트의 핵심가치를 함께 지향할 수 있는 뛰어난 인재를 적극적으로 환영합니다.주요업무• Physics-Informed Neural Network 연구개발• CFD + 딥러닝 융합 기술 연구 개발• 최신 딥러닝 알고리즘 연구 개발• 딥러닝 모델 기반 서비스 개발자격요건• 신입/경력/병역특례• 석사 졸업 이상(컴퓨터 공학 계열)• AI 분야 최신 논문 기반 알고리즘 구현이 가능한 자• 포트폴리오 첨부우대사항• 딥러닝 프레임워크(Tensorflow, Pytorch) 숙련자• 수치해석 경험자• GPU(CUDA) 병렬 프로그래밍 경험자• 딥러닝 프로젝트 경험자혜택 및 복지• 롯데월드타워 인근 쾌적한 근무 환경• 교육비 및 도서구입비 지원• 우수 논문 포상, 직무 발명 보상, 인재 추천 포상• 장기근속포상, 리프레시 휴가 • 패밀리데이 조기퇴근 및 선물 지급, 생일 선물 지급• 경조휴가 및 경조사비 지원• 운동시설 등록비, 임직원 건강검진 제공• 청년내일채움공제 지원• 중석식 제공, 무제한 스낵바기술스택 ・ 툴Unreal EngineARVR3DUI 디자인Unity3D"")"
31,AI 및 딥러닝 엔지니어,"('AI 및 딥러닝 엔지니어', ""수퍼빈은 인공지능과 로보틱스 기술을 접목한 순환자원 회수로봇 '네프론'을 출시하여 지금까지 선형경제 중심의 폐기물 시장을 순환경제로 사업비즈니스를 구축하였습니다. 폐기물 시장은 '21년 19조 4,000억원 크기였고, '23년은 21조 5,000억원, 25년까지 23조 7,000억원으로 커질 예정입니다. 주요 대기업들의 ESG 경영활동과 함께 폭발 적인 성장을 하고 있는 수퍼빈은 2~3년 내에 유니콘 기업으로의 도약을 목표로 하고 있습니다.수퍼빈은 돈의 가치보다 사람과 문화의 가치가 더 귀함을 증명하고,우리만의 성공 방정식을 만들어 세상과 공유하고 계속 발전시켜 가겠습니다.그것이 바로 수퍼빈의 방식으로 세상을 변화시키는 저희의 역할이라고 생각합니다.저희의 생각에 공감하거나, 호기심이 있다면 주저하지 말고 노크해주세요.수퍼빈의 미래를 향한 여정은 힘들지만 가치가 있습니다.주요업무-. 빅데이터 분석, 서비스 운영 최적화 알고리즘 개발-. AI 기반 순환자원 물류/운영 최적화 시스템 구축-. AI 데이터 처리 및 분석, 성능 향상 및 최적화자격요건-. 유관 경력 3년 이상 (박사 신입급 가능) -. 빅데이터/머신러닝/딥러닝 지식 보유 및 관련 프로젝트 수행 경험자 -. 딥러닝 프레임워크(e.g. PyTorch, TensorFlow 등) 개발 가능 -. C/C++, Python 개발 언어를 능숙하게 다룰 수 있는 분 -. 개발 포트폴리오 제출우대사항-. 뉴럴 네트워크 경량화 및 최적화 경험 및 기술 보유 -. 상용화(가능) 서비스 및 제품에 탑재된 알고리즘 개발 경험 -. 빅데이터/머신러닝/딥러닝 관련 Top-tier 학회 및 학술지 게재 경험 -. 외주 개발업체/데이터가공 공급업체 관리 경험혜택 및 복지최신 노트북, 듀얼 모니터 지급, 깔끔하고 휴식공간이 잘 정비된 사무실, 수평적으로 자유로운 조직 문화, 원두커피, 자유로운 연차 사용, 명절 선물, 간식, 열정으로 가득한 크루기술스택 ・ 툴GitJIRA"")"
32,딥러닝 기반 SW 개발자,"('딥러닝 기반 SW 개발자', '메디픽셀은 인공지능 기술을 의료에 접목하여 인류의 삶의 질을 높인다는 비전을 가지고 심혈관 질환의 진단과 치료 방법을 개발하는 헬스테크 스타트업입니다.컴퓨터공학/사이언스, 전자공학, 기계공학, 통계학 등을 전공한 메디픽셀의 연구원들은 의료(심혈관) 이미지를 분석하고 질병을 진단하는 CV (Computer Vision) 분야와, 수술로봇을 이용하여 의료도구를 직접 제어하는 RL (Reinforcement Learning) 분야에서 독보적인 기술력을 갖추고 있으며, 그 중에서도 강화학습(RL)을 이용하여 실제 시술도구를 제어하는 시도는 전세계적으로도 최첨단 기술이라 평가받고 있습니다.이러한 기술력으로 메디픽셀은 창립 이후 길지 않은 시간동안 시리즈A 투자 유치, Johnson & Johnson의 글로벌 경진대회 우승 등 값진 성과들을 냈습니다. 현재는 주요 대학병원의 전문 의료진과 공동 연구를 진행하는데 중점을 두고 서울아산병원과 함께 심혈관 빅데이터 기반 심장중재시술 보조 인공지능 및 반자율 시술도구 제어 로봇 시스템 개발을 집중적으로 연구하고 있습니다.연구 외적으로는 메디픽셀의 첫 제품인 ‘메디픽셀XA’가 식품의약안전처 인허가 승인을 받았고 이를 바탕으로 총 100억원 규모의 추가 투자 유치 성공과 함께 사업 확장을 위한 인력 충원을 진행중입니다.오늘보다 내일이 더욱 기대되는 메디픽셀은 여기에서 멈추지 않고 글로벌 시장에 진출하려는 더 큰 목표를 가지고 있습니다. 그리고 그 길에서 저희와 함께 성장의 결실을 누리고자 하는 인재들을 찾고 있으니 역량을 가진 많은 분들의 관심과 지원 부탁드립니다.최고의 인재를 최고 수준으로 모실 것을 약속 드리겠습니다.주요업무•\t업무 관련 논문 이해 및 구현•\t의료영상(Angiography) 딥러닝 알고리즘 개발자격요건•\t대졸 이상(4년),•\t컴퓨터 공학, 전자 공학, 수학, 통계 등 AI 관련 전공자•\t경력 2년 이상•\tdeep learning framework(ex. tensorflow, pytorch) 개발 경험이 있으신 분•\tLinux 환경에서 C++ 또는 python 개발 경험이 있으신 분우대사항•\t의료영상분야 SW 개발 경험이 있으신 분혜택 및 복지• 자율 재택근무 및 시차 출퇴근제 시행 (MOOC제도)• 식대 별도지원• 간식 및 커피 제공• 장기근속자 연차별 포상휴가 및 포상금• 직무발명보상• 성과별 연구수당 지급• 건강검진비 지원• 경조휴가 및 경조사비 지원• 외국어교육, 직무관련 교육 지원• 도서구매비 지원• 명절선물메디픽셀 채용에 관해 더 자세히 알고싶으신 분들은 메디픽셀 채용페이지를 참조하세요.기술스택 ・ 툴JavaScriptPythonDevOps웹 개발컴퓨터 비전프론트엔드 개발자')"
33,AI(딥러닝) 연구 및 개발,"('AI(딥러닝) 연구 및 개발', '벤처 정신으로 무장하고 최고의 AI전문가가 되고픈 인재를 찾습니다.""작지만 강한 AI기업""을 모토로 2016년에 설립된 당사는 전문 AI 연구 개발 기업으로써 투자 기관의 최상위 평가를 받은 AI 선도 기업입니다.주 연구분야는 Prediction system AI 및 Object Detection/Object Tracking 이며, 탄탄한 연구 결과를 바탕으로 세계 최초의 AISIMS(인공지능 구조물 건전성 관리시스템) 특허 및 국내 최초의 AITCS(인공지능 교통흐름 제어시스템) 특허를 보유한 기업입니다. 이러한 기술력을 바탕으로 국가 주도의 특허출원 사업에 당사의 연구 결과물이 2년 연속 선정되었으며, NHN과 같은 국내 유수의 기업들에 당사의 엔진을 공급하고 있습니다.또한, 현재 글로벌 AI 시장에서 각광 받고 있는 AIoT, AI 스마트팩토리, AI 질병예측/진단 분야 등으로 사업 영역을 확장하고 있습니다.주요업무• Object Detection 및 Object Tracking 연구 및 구현  - 교통정보 영상인식, 이상 감지 등• 시계열 데이터를 이용한 예측 및 이상 감지  - 구조물 이상 감지, 장비 예지보전, 질병 예측 및 진단 등자격요건• 신입 : AI 관련 학과 대학원 졸 이상• 경력 : 프로그래밍 관련 학과 대학교 졸업 및 AI 경력 1년 이상 (대학원 AI 전공자의 경우 AI 경력 2년 인정)우대사항• 컴퓨터/시스템 공학, 전기/전자공학, 수학/통계학 전공자• 통계 분석 능숙자, 컴퓨터 활용 능력 우수혜택 및 복지• 출퇴근 시간 자율 근무제• 휴게실 제공• 자유 복장 및 자유로운 연차 사용 가능• 스톡옵션, 인센티브제, 우수사원포상제, 경조사 지원 등 시행기술스택 ・ 툴LinuxTensorflowPython')"
34,전문연구요원 딥러닝/AI 개발자,"('전문연구요원 딥러닝/AI 개발자', '딥러닝 인공지능 전문회사 호두에이아이랩입니다.서울대 연구공원에 위치하고 있으며, 기업부설 연구소를 보유하고 있습니다. 병역특례지정업체로서 전문연 항시 채용 가능합니다.산업용 AI 전문기업으로, 영상기반 불량 검출, 공정데이터 분석 및 예측 관련 딥러닝 관련 프로젝트를 수행하고 있습니다.현재 회사 규모는 7명 안팎입니다. 석사 이상의 딥러닝 전문가로 구성되어 있습니다.호두에이아이는 서울대 연구실 창업 스타트업으로, 많은 AI 원천기술을 보유하고 있습니다.원천기술을 적용하여 고객이 원하는 제품과 서비스를 공급하기 위한 개발활동을 동시에 활발하게 진행하고 있습니다.국내 최고 수준의 AI 원천기술을 보유하고 있는 흔치 않은 스타트업으로 AI 관련 경력을 쌓기 위한 최적의 환경을 제공합니다.성장을 같이 할  엔지니어는 많은 지원 바랍니다.주요업무- 딥러닝 연구개발- 딥러닝 최적화 (Tensor RT, Tensorflow Lite, CUDA, C++ 등)- AI system backend SW자격요건- Tensorflow, Python 경험자- 머신러닝, 딥러닝 관련 연구/개발 경험- AI 최적화, 경량화 유경험자우대사항- 전문연구요원 지원 우대- 관련 전공자(석사 이상) 우대혜택 및 복지근무형태 : 정규직(수습:3개월, 협의 가능)근무요일 : 주5일 근무 (풀타임 근무)근무시간 : 자율출퇴근근무지 : 서울대 연구공원 급여 : 연봉 4,000만원 이상 (면접 후 결정)기타 : 중식, 석식 제공기술스택 ・ 툴C#PythonAWSC++Spring FrameworkCUDA')"
35,이스포츠 분야 A.I 딥러닝 엔지니어,"('이스포츠 분야 A.I 딥러닝 엔지니어', '언디파인드는 ""전세계 게임 커뮤니티를 연결하여 e스포츠 아마추어 생태계를 완성한다"" 라는 미션을 두고 e스포츠 플랫폼 사업에서 혁신하고 있는 스타트업 회사입니다. 사업 초기부터 국내에만 머무는 서비스가 아닌 해외를 겨냥하여 출시 1년 만에 해외 사용자가 국내 3배 이상 압도하는 긍정적인 성장 곡선을 그리고 있습니다. 더욱 더 공격적인 해외 성장을 견인하고자 최근 투자 유치가 마무리되어 함께 할 좋은 팀원분들을 모시고자 합니다. 해외 사업개발 담당자는 COO및 Product팀과 밀접하게 협업하며 해외시장 개척을 리드합니다.[iScrim 서비스 소개]Providing all-in-one esports management platform저희가 만든 서비스는 iScrim이라고 하는 e스포츠 플랫폼 서비스이며 누구나 자신만의 e스포츠 플랫폼을 구축 운영할 수 있게 하여 한 곳에서 누구나 쉽고 빠르게  경쟁 할 수 있는 서비스를 제공하고 있습니다.주요업무- 이스포츠 대회운영 솔루션과 메타버스 플랫폼에 필요한 A.I 딥러닝 시스템을 개발해요- 딥러닝 아키텍쳐를 연구해요자격요건- 형태소분석, 개체명인식 등 자연어처리 과정에 익숙하신 분- 빅데이터를 이용한 서비스 개발 경험- Python 및 딥러닝 프레임워크 (PyTorch, Tensorflow) 개발 역량- 원활한 커뮤니케이션이 가능하신 분우대사항• 라사 프레임워크 개발 경험• AWS A.I 서비스 개발 경험혜택 및 복지유연한 근무환경을 제공해요•  일을 할 수 있는 공간이면 어디서나 근무 할 수 있어요•  협업 근무시간 4시간 외 자율 근무•  점심시간 포함 2시간을 은행 및 개인 업무처리를 위해 쉴수 있어요업무에 집중할 수 있는 환경을 제공해요•  영어이름을 쓰며 수평적인 커뮤니케이션을 해요•  주도적인 업무 환경과 성장 기회를 제공해요•  야근과 불필요한 회식을 지양해요•  업무에 필요한 장비 지원(멀티모니터, 맥북 등)충분한 휴식을 지원해요•  사유나 결재 없이 휴가 사용이 가능해요•  아프면 쉬고하자 리프래쉬 휴가를 제공해요•  생일 해당월에 1일 휴가를 제공해요•  그 외 회사 목표달성 보상 및 팀 보상 휴가가 있어요기술스택 ・ 툴PythonAWSNodeJS')"
