,job_name,job_section,link,cn_name
0,주크레도데이타SW엔지니어채용,모집부문상세내용공통자격요건학력대졸이상23년SW엔지니어0명담당업무지원자격경력신입경력년수무관기타필수사항우대사항영어가능자해당직무근무경험데이터베이스기술지원경험CDCETL솔루션경험직무내용SW기술지원솔루션구축및유지보수,https://www.saramin.co.kr/zf_user/jobs/relay/view-detail?rec_idx=44333570&location=ts&searchword=%EB%8D%B0%EC%9D%B4%ED%84%B0+%EC%97%94%EC%A7%80%EB%8B%88%EC%96%B4&searchType=search&paid_fl=n&search_uuid=1a61d1ba-9b9d-4fff-be6c-3814875d9583&rec_seq=0&t_category=relay_view&t_content=view_detail&t_ref=&t_ref_content=,주크레도데이타
1,대기업계열플랫폼테크기업DataEngineer,DataEngineer담당및주요업무Datewarehouse설계운영RDBDataBigLogData통합분석플랫폼구축추천타겟팅시스템데이타파이프라인구축Dataanalyst협업자격요건총경력610년관련경력2년이상AirflowMeltano등ETL솔루션경험PythonSQL등개발역량하둡에코시스템경험적극적인자세와커뮤니케이션역량새로운기술을익히는데적극적인개발자,https://www.saramin.co.kr/zf_user/jobs/relay/view-detail?rec_idx=44329313&location=ts&searchword=%EB%8D%B0%EC%9D%B4%ED%84%B0+%EC%97%94%EC%A7%80%EB%8B%88%EC%96%B4&searchType=search&paid_fl=n&search_uuid=1a61d1ba-9b9d-4fff-be6c-3814875d9583&rec_seq=0&t_category=relay_view&t_content=view_detail&t_ref=&t_ref_content=,주휴먼트리월드와이드
2,동물병원플랫폼1위App서비스마케터DataEngineer채용,,https://www.saramin.co.kr/zf_user/jobs/relay/view-detail?rec_idx=44275040&location=ts&searchword=%EB%8D%B0%EC%9D%B4%ED%84%B0+%EC%97%94%EC%A7%80%EB%8B%88%EC%96%B4&searchType=search&paid_fl=n&search_uuid=1a61d1ba-9b9d-4fff-be6c-3814875d9583&rec_seq=0&t_category=relay_view&t_content=view_detail&t_ref=&t_ref_content=,주우리엔
3,DataEngineer,DataEngineer서비스소개옴니어스소개사람들이온라인에서소통을더많이하고개인의관심사와취향에맞게콘텐츠를소비하는시대가되었습니다옴니어스는디지털세상에서사람들이물건을구매하고정보를찾고트렌드를발견하는과정을혁신하는인공지능회사입니다그렇기에옴니어스의인공지능솔루션은기업실무자의반복적이고지루한작업을자동화하고옴니어스태거사용자가원하는상품을영상으로보다간편하게찾을수있게하고옴니어스렌즈자신의취향에꼭맞는상품이발견되도록옴니어스개인화추천돕고있습니다더나아가정보의홍수속에서대중에게진짜트렌드와신뢰도있는정보를제공하기위해알피라는트렌드서비스를운영하고있습니다옴니어스는패션의구글이되는것이목표입니다물론그것을도달하는과정과형태는다를수있습니다저희는사람들이자신이더돋보이고사랑받을수있는존재가될수있도록콘텐츠와쇼핑정보그리고사람을연결하고일터에서는업무의생산성을높이고인간이더창의적인활동을할수있도록인공지능기술과서비스를만들고있습니다국내유수의고객사와사용자에게사랑받고있는옴니어스서비스가더많은사람그리고글로벌에서도좋은영향을이어나가는데핵심역할을해줄프론트엔드엔지니어를모시고있습니다옴니어스크루와함께담대한여정을함께할호기심많은분들의많은지원바랍니다옴니어스팀의핵심가치httpsbitly3qS8nzU2021년상장주관계약체결2021년혁신기업국가대표1000선정2021년서울시지원유망스타트업100선정2020년한국섬유패션스타트업부문대상수상2020년삼성C랩아웃사이드AI업체선정모집부문상세내용사용기술mysqlgooglebigqueryamazonathenaawsgluepytorchflaskpythonelasticsearchterraformawspandas주요업무트렌드예측서비스를위한일련의데이터리터러시파이프라인을구축합니다대량의비정형데이터를효율적으로수집하고적재하기위한시스템을설계하고구현합니다억단위이상의Row를갖는데이터의적재및분석을위한데이터파이프라인을구축하고운영합니다이커머스플랫폼으로부터대량의데이터를안정적으로수집하고관리합니다AI모델을개선및서비스고도화를위해회사내여러서비스간의데이터를수집하고연계하여관리할수있는데이터플랫폼을구축하고운영합니다AI모델을학습하고평가하기위한백엔드웹서비스를개발하고운영합니다여러종류의대용량데이터를수집하여적재하기위한시스템을설계하고구현합니다데이터의유실을방지하고데이터의정합성과신뢰성을보장할수있는시스템을설계하고구현합니다자격요건개발경력5년이상의실무웹서비스개발pythonjavaC및운영경험이있으신분대용량데이터의ETL설계및개발운영경험이있으신분RDBNoSQL에대한설계및운영경험이있으신분다양한배경을가진팀원들과협업을위한원활한커뮤니케이션이가능하신분우대사항AWSGCP클라우드환경에서서비스설계및구현경험이있으신분ContainerDockerKubernetes기반서비스의개발및배포경험이있으신분데이터기반의서비스에대한개발및상용화경험이있으신분Elasticsearch와같은검색엔진을활용하여개발한경험이있으신분다양한분야의팀원과Sprint단위의협업경험이있는분AI기술이실생활의문제를해결하는제품으로만들어지기까지의과정에기여하고자하는분마감일및근무지마감일상시근무지서울강남구도산대로14512층1207호복지및혜택카페같은라운지폰부스남산과한강조망권을가진쾌적한사무환경패스트파이브신사점신사역8번출구인근눈치안보는휴가사용창립기념일전사휴가자유롭게활용하는유연근무제월8회리모트근무지원매년122411전사겨울방학시행첫1년근속시호텔패키지지급매2년근속마다Refresh2주유급휴가제공임직원종합검진패키지지원본인생일가족기념일에유급반차지급출퇴근시안전한타다카카오비즈니스서비스로이동코로나기간편의점급스낵간편식카페무한제공본인결혼시축하금100만원이외각종경조사지원동종업계상위연봉성과에따른인센티브등합리적인보상보장전직원스톡옵션제공원하는스펙의고사양개인장비지원맥북듀얼모니터등원하는개인성장지원교육비세미나비스터디비도서구매비뛰어난외부인재추천및입사시인재추천인센티브지급,https://www.saramin.co.kr/zf_user/jobs/relay/view-detail?rec_idx=42679352&location=ts&searchword=%EB%8D%B0%EC%9D%B4%ED%84%B0+%EC%97%94%EC%A7%80%EB%8B%88%EC%96%B4&searchType=search&paid_fl=n&search_uuid=1a61d1ba-9b9d-4fff-be6c-3814875d9583&rec_seq=0&t_category=relay_view&t_content=view_detail&t_ref=&t_ref_content=,옴니어스주
4,MLOpsDataEngineer과차장급외국계디지털개발서비스기업,외국계디지털개발서비스기업PositionMLOpsDataEngineer과차장급업무내용다양한Docker서비스를배포하여개발운영ML파이프라인을효율적으로개선Spark를활용한데이터전처리및ETL작업Airflow를활용한배치스케쥴링작업필수Spark를활용한대용량데이터에대한배치서비스개발운영경험Python중급이상Docker를활용한MSA서비스배포경험S3나hadoop를저장소로사용하는서비스개발운영경험Airflow사용경험우대DockerSwarm사용경험Pyspark사용경험제출서류및제출기한1제출기한ASAP2제출서류영문이력서사진포함영문경력기술서Word양식3회사명프로핸즈코리아4담당자박철우상무5emailantonio7prohanzkoreacokr6문의전화01055223304,https://www.saramin.co.kr/zf_user/jobs/relay/view-detail?rec_idx=44315304&location=ts&searchword=%EB%8D%B0%EC%9D%B4%ED%84%B0+%EC%97%94%EC%A7%80%EB%8B%88%EC%96%B4&searchType=search&paid_fl=n&search_uuid=1a61d1ba-9b9d-4fff-be6c-3814875d9583&rec_seq=0&t_category=relay_view&t_content=view_detail&t_ref=&t_ref_content=,프로페셔날핸즈인핸즈코리아주
5,UNNOTEDDataEngineer채용,AboutUnnotedLLCUnnotedisaquantitativetradingfirmspecializedindigitalcurrenciesfoundedbyanexGooglerOurfirmliesattheforefrontofinnovationwithintherapidlygrowingcryptoecosystemandweareactiveleadersintheformationofthecryptocurrencymarketstradingover500millionperdayacrossallmajorexchangesandproductsWebelievethatScienceandtechnologydriveourtradingandinvestmentdecisionsWearelookingforpeoplewhohaveapassionforsolvingdifficultproblemsandareexcitedaboutthepotentialfornewinnovativefinancialtechnologyRecruitmentfieldDataEngineerResponsibilitiesWorkingcloselywithourquantitativeresearchersbuildandmaintainourstateoftheartdataandmodelingpipelineScaleourdatainfrastructuretoacontinuouslygrowingdatasetandnumberofadvancedmachinelearningmodelsDiscovercollectandstorenewtypesofdataMinimumqualificationsBachelorsdegreeinComputerScienceorrelatedtechnicalfieldfromatoptieruniversityProficiencywithoneormoreofthefollowinglanguagesCJavaPythonorGo1yearsofworkexperiencewithmachinelearningframeworkslibrariesPyTorchTensorflowscikitlearn1yearsofworkexperiencewithrelationaldatabasesandSQLPreferredqualificationsExperiencewithdistributedsystemsorscientificcomputingAboutthecompanybenefitsCompetitivesalaryandcompanydiscretionarybonusprogramThetypeofworkFlexibleWorkScheduleAutonomousattendanceAndshorttermremoteorworkfromhomealsoavailableAnnualleavevacationthatyoucanusefreelyAndotherleaveisasbellowPaternityLeave8wksfullpaiBereavementLeaveupto30daysSickleaveupto30daysMaturityLeave12wksfull12wkshalf28wksunpaidPersonalequipments32inchmonitorsMacBookPro15andothernecessaryequipmentsUnlimitedsnacksandmealsyouwantBreakfastfruitluxurycoffeeandRestNapareaMonthlycompanyLunchandplayworkshopwhenever4SocialInsurancescomprehensiveMedicalcheckupprovidedMedicalcheckupforyouandyourspouseexpenditureforcongratulationsandcondolencesOurbenefitandwelfareisgraduallydevelopingbyreflectingtheopinionsofemployeesWorkplace14Teheranro92gilGangnamguSeoulRepublicofKoreaIfyouwanttoknowmoreabouthiringforUnnotedfeelfreetocontactmeviaemailsarahunnotedcom함께하기위한방법접수기간2022년10월17일월15시00분2022년12월16일금23시59분접수방법사람인입사지원이력서양식자유양식함께하기위한여정서류전형1차면접2차면접TechInterview최종합격,https://www.saramin.co.kr/zf_user/jobs/relay/view-detail?rec_idx=44222383&location=ts&searchword=%EB%8D%B0%EC%9D%B4%ED%84%B0+%EC%97%94%EC%A7%80%EB%8B%88%EC%96%B4&searchType=search&paid_fl=n&search_uuid=1a61d1ba-9b9d-4fff-be6c-3814875d9583&rec_seq=0&t_category=relay_view&t_content=view_detail&t_ref=&t_ref_content=,언노티드유
6,DataEngineer경력채용합니다정규직,공통자격요건학력무관DataEngineer0명담당업무지원자격담당업무GCP내BigQuery에서파이프라인및DataWarehouse개발및운영GCP내데이타통합을위한파이프라인개발및마트구축BigQueryDataFusionDataProcPythonAPIetc자격요건경력3년9년ETLorEAI프로젝트운영경력자영어의사소통가능자SQL활용가능자우대사항GCP환경내개발BIToolETL관련개발EDW구축프로젝트기타분석관련Tool사용경험자PythonSQLStoredProcedure및API개발withPython경험자기타필수사항우대사항,https://www.saramin.co.kr/zf_user/jobs/relay/view-detail?rec_idx=44315138&location=ts&searchword=%EB%8D%B0%EC%9D%B4%ED%84%B0+%EC%97%94%EC%A7%80%EB%8B%88%EC%96%B4&searchType=search&paid_fl=n&search_uuid=1a61d1ba-9b9d-4fff-be6c-3814875d9583&rec_seq=0&t_category=relay_view&t_content=view_detail&t_ref=&t_ref_content=,헌터스그룹주
7,2022하반기시스템엔지니어DPDataPlatform,모집부문상세내용공통자격요건학력무관경력무관신입도지원가능DPDataPlatform00명담당업무담당업무Database운영및기술지원Linuxwindows기반시스템운영관리Cloud서비스구축및운영자격요건협업및커뮤니케이션이원활한자신입또는경력2년이하Database운영Cloud서비스에대한많은관심과긍정적인마인드로배우고자하는열정을가진자우대사항시스템전반OSNetworkCloud에대한관심도가높고관련지식보유하신분Database관련관심도가높고관련지식보유하신분Cloud관련관심도가높고관련지식보유하신분해당업무관련자격증보유자RHCSASQLDVCPCCNASAP등클라우드가상화서비스구축운영경험자ShellPython스크립트작성가능하신분복리후생복지포인트월20만원제공자격증수당회사지정자격증취득시매월임금자격증수당10만원인상매년임금15인상도서비지원월1권장르불문IT관련자격증취득비100지원신기술습득을위한외부강사초청세미나상시지원CloudAIInfra테스트베드상시운영및신규구축필요시전폭지원조식제공간식제공명절선물생일선물지급매주금요일1700퇴근헬스비지원기타필수사항우대사항,https://www.saramin.co.kr/zf_user/jobs/relay/view-detail?rec_idx=44343760&location=ts&searchword=%EB%8D%B0%EC%9D%B4%ED%84%B0+%EC%97%94%EC%A7%80%EB%8B%88%EC%96%B4&searchType=search&paid_fl=n&search_uuid=1a61d1ba-9b9d-4fff-be6c-3814875d9583&rec_seq=0&t_category=relay_view&t_content=view_detail&t_ref=&t_ref_content=,주식회사자이온아이티에스
8,Sr.DataEngineer,모집부문SrDataEngineer지원자격데이터흐름및파이프라인설계개발및운영자동화경험7년이상등근무지역서울서초구모집인원0명채용일정20221130수2359까지채용시마감상세모집요강및접수방법은홈페이지지원참조,https://www.saramin.co.kr/zf_user/jobs/relay/view-detail?rec_idx=44361164&location=ts&searchword=%EB%8D%B0%EC%9D%B4%ED%84%B0+%EC%97%94%EC%A7%80%EB%8B%88%EC%96%B4&searchType=search&paid_fl=n&search_uuid=1a61d1ba-9b9d-4fff-be6c-3814875d9583&rec_seq=0&t_category=relay_view&t_content=view_detail&t_ref=&t_ref_content=,주엔비티
9,대기업DataArchitect및Engineer,채용회사대기업자동차부품유통냉장냉동물류건자재유통사업포지션DataArchitectDataEngineer담당업무데이터표준화데이터모델링데이터베이스튜닝데이터엔지니어링자격요건학사이상관련경력3년이상경험자소프트웨어개발사이클에대해이해하고있으신분데이터아키텍트공인자격증을보유하신분데이터엔지니어링업무도수행하고싶으신분우대사항DataArchitect로서성장및DataEngineer로의커리어를원하시는분MSA및컨테이너서비스에대한이해와지식을보유하고있으신분MSA및컨테이너서비스에대한이해와지식을보유하고있으신분클라우드네이티브의이해쿠버네티스클라우드Docker등가있으신분AWS등클라우드기반DB구축및운영경험이있으신분제출서류자유양식의국문이력서전형방법서류전형면접전형팀장면접전형임원최종합격모집기간채용시마감근무지서울잠실연봉수준협의결정,https://www.saramin.co.kr/zf_user/jobs/relay/view-detail?rec_idx=44391995&location=ts&searchword=%EB%8D%B0%EC%9D%B4%ED%84%B0+%EC%97%94%EC%A7%80%EB%8B%88%EC%96%B4&searchType=search&paid_fl=n&search_uuid=1a61d1ba-9b9d-4fff-be6c-3814875d9583&rec_seq=0&t_category=relay_view&t_content=view_detail&t_ref=&t_ref_content=,주투비파트너즈
10,잡플래닛DataEngineer,잡플래닛DataEngineer서비스소개더나은선택은없을까지금이순간에도잡플래닛을방문하는월300만명의회원들은이것이최선인지고민합니다그래서잡플래닛은취업과이직이라는인생의갈림길에서뒤돌아오지않아도되는결정을하는데무엇이필요한지어떻게해야할지고민합니다동시에안주하지않고쉼없이성장해온기업이가치에걸맞는인정을받을수있는사회를그립니다모두가잡플래닛덕분에더편해더좋아졌어라고말하는세상을꿈꾸며구직자기업공공기관등모두가더나은선택을하는데필요한플랫폼을만들어갑니다구성원들의커리어가좋아지려면어떻게해야할까잡플래닛은유저뿐만아니라우리팀의커리어도고민합니다지금보다더매력적인커리어가되려면무엇이필요할까요우리의답은2가지입니다첫째더나은포트폴리오를위해개인의권한과프로듀싱속도를높이는것어디가도성장경험을갖추었다고납득할만한수치적성장을확보하는것이를위해조직을애자일하게움직이며workscope보다RR을중시합니다인위적이고획일적인문화보다는사람스트레스없는환경을지향하며경험이주는편견보다데이터가보여주는의외의논리를신뢰합니다둘째우리팀은서로를위해회사의성장을고민합니다그래서서로에대한배려와비전에대한공감대를바탕으로범국민적인플랫폼을만들어갑니다잡플래닛의비전에공감하는분들의많은지원부탁드립니다잡플래닛에대해더욱자세히알아보기httpswwwnotionso12051b10bdbb4e77913ce9b645ab0579모집부문상세내용사용기술TensorFlowPythonJavaNoSqlSpark주요업무조직소개잡플래닛DataPlatform팀은Data1st전략으로서비스의핵심자산인데이터의최우선활용을위해효율적인데이터수집정제저장분석환경을구축합니다이를위해데이터플랫폼의설계와구축을진행하고안정적운영을담당합니다DBLogTextImage등다양한형태의정형비정형데이터를모두다루며대용량데이터로부터인사이트를효과적으로뽑아낼수있는기술적기반을제공하여사업성공에중추적역할을합니다주요업무서비스에대한이해를바탕으로최적의데이터파이프라인및데이터플랫폼구축및운영클라우드기반빅데이터처리솔루션들의이해를바탕으로DataLake및DW구축일관성있고활용도높은통합로깅및분산추적시스템설계및운영데이터분석및머신러닝을위한RawData의효율적정제및데이터구조정의데이터분석라이브러리를활용하여분석환경개발및배포데이터특성에맞는다양한질의툴및시각화툴도입및적용자격요건3년이상의데이터엔지니어링실무경험또는이에준하는실력을갖춘분7년이상경력의경우TeamLead로지원가능분산환경에서대용량데이터Batch처리또는비동기데이터처리경험이있으신분프로그래밍언어ScalaJavaPython등등와데이터분석라이브러리한개이상능숙하게다룰수있는분BigQueryAthenaDatabricksSnowflake등클라우드기반데이터파이프라인솔루션을활용해보신분SparkKafkaHive등HadoopEcosystem상의다양한툴들로빅데이터플랫폼구축운영경험이있는분우대사항빠르게성장하는서비스에서의고가용성데이터플랫폼설계및운영경험데이터분석및머신러닝프랙티스에대한이해와경험이있는분컨테이너기반개발환경및MSA를위한데이터인프라구축경험AWSarchitecture설계나운영경험DB성능개선이나쿼리튜닝에경험이있는분DevOps나SRE에관심이많고인프라자동화에적극적인분마감일및근무지마감일20221130근무지서울강남구테헤란로415307호복지및혜택분단위시차출퇴근제오전7시오전10시사이자율출퇴근야근하지마세요그래도하게된다면교통비및식대지원합니다직원이건강해야회사도건강하다매년건강검진지원오늘보다내일더올해보다내년에더자기개발비지원각종세미나포럼교육참석지원합니다잡플래닛맴버대소사걱정을덜어드리는경조사비지원매월마지막금요일Refresh할수있는하프데이기본연차17개와별도의여름휴가눈치보지않는휴가사용의료비더이상걱정말아요연최대200만원의료비지원즐거운생일회사에서만보낼수없죠생일날은나만의하프데이업무관련도서구매무제한두둥커피음료등간식무제한제공은화목내부직원추천제도실력있는인재추천에대한보상추천직원6개월근속시보상금100만원지급,https://www.saramin.co.kr/zf_user/jobs/relay/view-detail?rec_idx=44140328&location=ts&searchword=%EB%8D%B0%EC%9D%B4%ED%84%B0+%EC%97%94%EC%A7%80%EB%8B%88%EC%96%B4&searchType=search&paid_fl=n&search_uuid=1a61d1ba-9b9d-4fff-be6c-3814875d9583&rec_seq=0&t_category=relay_view&t_content=view_detail&t_ref=&t_ref_content=,주브레인커머스
11,Data분석엔지니어,Data분석엔지니어서비스소개소프트베리가서비스하고있는전기차충전플랫폼EVInfra는2016년서비스출시이후2021년2월기준17만다운로드전기차수대비회원수92구글플레이스토어전기차충전소분야1위에랭크되고있는대한민국1등전기차충전소정보앱입니다현재EVInfra앱과함께전기차친환경차기반서비스개발을진행하고있습니다환경부주관전기자동차모바일앱선발대회대상KB국민카드FUTURE93기최종선발기술창업지원프로그램팁스TIPS에최종선정SKT사회적유망기업ImpactUps선정본투글로벌해외진출유럽지역지원사업에최종선정현대차그룹ZER01NE액셀레이터프로그램최종선정되었으며GS칼텍스SK렌터카현대차그룹제로원엔피프틴파트너스로부터투자유치를하였으며LG화학GS칼텍스LG에너지솔루션현대자동차그룹등충전환경개선및신사업기회발굴MOU체결등빠르게성장을해나가고있습니다충전의즐거움을모두에게제공하는것을목표로함께할멋진동료를찾고있습니다회사소개동영상httpsyoutubeWj8VEFfwRyo모집부문상세내용사용기술etlpythongrafanasqlrsparkdockerdwawskubernetes주요업무EVInfra앱및충전통계데이터개발및운영정형비정형데이터에대한ETL프로세스설계및구현Datadriven의사결정을위한정량적수치와분석결과제공RawData들을정제가공적재하며Insight전달을위한대시보드및리포트작성가설설정및검증을위한AB테스트실험설계결과분석및전달자격요건해당경력2년차이상또는이에상응하는업무능력보유PythonRSpark등을활용한데이터프로세싱에대한이해가있는분복잡하고다양한데이터셋정제를통한서비스문제진단경험이있는분우대사항통계학예측모델링관련석사학위자또는해당분야전공자EVEV인프라에대한높은이해도와데이터분석경험자데이터시각화TableauGrafana등툴활용가능하신분모바일서비스데이터분석방법LTVAARRRCohortFunnel등에대한이해DataWarehouse구축지식경험자SQL을사용한RawData핸들링역량AWSkubernetes및클라우드서비스기반빅데이터인프라구축및운영경험Docker환경에서개발경험마감일및근무지마감일상시근무지서울시서초구강남대로311강남드림플러스10층복지및혜택업무시간을자율적으로운영하는유연근무제코어타임1116시월1회문화의날지정조기퇴근개발디자인직군최신사양랩톱및Dell모니터지급사무실건물카페테리아운영개발성과및매출실적에따라인센티브지급연차별장기근속포상건강검진지원도서비지원해드려요책을가까이재택근무가능코로나19환경협의하여조정연차는언제든지자유롭게사용하세요당신의개성을존중합니다복장은터치하지않아요커피tea간식등을언제든마음껏먹을수있어요함께일했을때뛰어난동료를우리가뽑아요우수사원포상같이웃고같이슬퍼해요각종경조휴가및경조금지원,https://www.saramin.co.kr/zf_user/jobs/relay/view-detail?rec_idx=41807100&location=ts&searchword=%EB%8D%B0%EC%9D%B4%ED%84%B0+%EC%97%94%EC%A7%80%EB%8B%88%EC%96%B4&searchType=search&paid_fl=n&search_uuid=1a61d1ba-9b9d-4fff-be6c-3814875d9583&rec_seq=0&t_category=relay_view&t_content=view_detail&t_ref=&t_ref_content=,주소프트베리
12,BioinformaticianSystemsBiologistDataandAIEngineer,공통자격요건학력석사이상DataandAIEngineer0명담당업무PositionandRoleDataandAIEngineer공통사항신약개발알고리즘개발구현및플랫폼구축전사체데이터분석및이를이용한예측모델개발약물발굴및개발플랫폼구축1Dataengineeru생물학데이터Omicsdata분석및해석u기초통계분석및시각화uDatafeaturization및DataIO개선2AIEngineeru생물학데이터Omicsdata기반알고리즘개발및구현uCodeoptimizationplatformarchitecture설계및구현자격요건Requirementsn경력무관국적무관전문연구요원가능nStackPythonpytorch또는TensorFlowscipystatsmodels등nDatascience관련연구경험n통계학기계학습관련연구또는개발경험nCommunication이잘되는분이어야합니다nTeamproject를원만히수행하고협업할수있는분이어야합니다n본인이하고싶은연구에대해방향성이있는분이어야합니다우대사항preferentialn신약개발을통해공익에기여하고자하는분이어야합니다CSAI관련탑티어학회지게재AAAINeurIPS등n생물학데이터를다뤄본경험이있거나관심있는분또는일반생물학GeneralBiology수강경험기타필수사항우대사항BioinformaticianSystemsBiolo0명담당업무PositionandRoleBioinformaticianSystemsbiologist공통사항전사체를이용한신약개발관련알고리즘개발Multiomicsdata분석및omicsintegration알고리즘개발Spatiotemporaldata분석및예측모델개발1BioinformaticianuNGSdata전처리분석및해석uOmicsdata해석및예측방법론개발및구현2SystemsbiologistuMultiomicsdataintegration방법론개발uGeneontology기반의networkbiology모델개발자격요건Requirementsn경력무관국적무관전문연구요원가능nStackPythonn생물학의약시스템생물학생물공학관련전공또는관련직무경험nNGS데이터분석경험특히RNAseqscRNAseqnCommunication이잘되는분이어야합니다nTeamproject를원만히수행하고협업할수있는분이어야합니다n본인이하고싶은연구에대해방향성이있는분이어야합니다우대사항preferentialnNetworkbiologyReactionvelocitytheoryPhysiologyHistology등의지식보유nBioinformaticsSystemsbiology관련논문게재nRBioconductor기반packages,https://www.saramin.co.kr/zf_user/jobs/relay/view-detail?rec_idx=44391702&location=ts&searchword=%EB%8D%B0%EC%9D%B4%ED%84%B0+%EC%97%94%EC%A7%80%EB%8B%88%EC%96%B4&searchType=search&paid_fl=n&search_uuid=1a61d1ba-9b9d-4fff-be6c-3814875d9583&rec_seq=0&t_category=relay_view&t_content=view_detail&t_ref=&t_ref_content=,주에이치알타운
13,바이오제약사DataandAIEngineer모집,PositionandRoleDataandAIEngineer공통사항신약개발알고리즘개발구현및플랫폼구축전사체데이터분석및이를이용한예측모델개발약물발굴및개발플랫폼구축1Dataengineeru생물학데이터Omicsdata분석및해석u기초통계분석및시각화uDatafeaturization및DataIO개선2AIEngineeru생물학데이터Omicsdata기반알고리즘개발및구현uCodeoptimizationplatformarchitecture설계및구현자격요건Requirementsn경력무관국적무관전문연구요원가능nStackPythonpytorch또는TensorFlowscipystatsmodels등nDatascience관련연구경험n통계학기계학습관련연구또는개발경험nCommunication이잘되는분이어야합니다nTeamproject를원만히수행하고협업할수있는분이어야합니다n본인이하고싶은연구에대해방향성이있는분이어야합니다우대사항preferentialn신약개발을통해공익에기여하고자하는분이어야합니다CSAI관련탑티어학회지게재AAAINeurIPS등n생물학데이터를다뤄본경험이있거나관심있는분또는일반생물학GeneralBiology수강경험복리후생선택적근로시간제운영출퇴근자유본인편한시간근무주40시간근무제하루최소2시간한달평균주40시간전직원스톡옵션부여임직원종합건강검진지원중식비연봉외별도지급퇴직연금DC형가입근로자휴가지원사업참여청년내일채움공제참여급여조건면접시협의전형절차서류전형1차면접실무임원2차면접대표이사근무지서울마포함께하기위한방법접수기간2022년11월09일수07시00분상시채용접수방법사람인입사지원이력서양식사람인이력서양식함께하기위한여정서류전형1차면접2차면접최종합격,https://www.saramin.co.kr/zf_user/jobs/relay/view-detail?rec_idx=44391704&location=ts&searchword=%EB%8D%B0%EC%9D%B4%ED%84%B0+%EC%97%94%EC%A7%80%EB%8B%88%EC%96%B4&searchType=search&paid_fl=n&search_uuid=1a61d1ba-9b9d-4fff-be6c-3814875d9583&rec_seq=0&t_category=relay_view&t_content=view_detail&t_ref=&t_ref_content=,주에이치알타운
14,DataEngineerDataETLEngineer,DataEngineerDataETLEngineer서비스소개AnythingfromAnywhere세상에활력을더하는초연결생태계를만듭니다바로고는상점라이더고객을잇는라스트마일인프라를시작으로수많은파트너들의꿈을연결하며METALogistics의시대를열어가고있습니다2021년의바로고를데이터로표현하면연간거래액46조원의전년대비529의성장을이루었습니다연간24억km의배달거리지구6000바퀴를114만상점32만라이더와함께했습니다1500억원규모의시리즈C투자도달성했습니다서울시민의77는배달음식을경험했다고합니다서울연구원22년1분기자료배달주문을경험한분들은평균적으로월58회연70회의배달주문경험이있습니다연간10회이상이미당신의삶속에서바로고와일상처럼마주하고있습니다바로고는다양한관계사및신규사업과함께성장하고있습니다바로고RD바로고의메인비즈니스인라스트마일딜리버리플랫폼을만듭니다114만상점주1200여개의허브32만라이더와함께합니다도시주방FoodSpaceTech기반의바로고신사업도시거점진화형주방플랫폼단순한공간임대형공유주방을넘어O2O서비스B2B케이터링딜리버리서비스컨텐츠제작및홍보사업운영지원등프리미엄FB운영서비스를제공합니다무빙Podo토탈친환경모빌리티플랫폼포도PODO를통해배달용전기오토바이공유구독서비스를제공합니다더나아가바로고는일상과비즈니스에필요한모든것을연결하여상생과성장을지원하는생태계를만들고자합니다생태계의가치를높이는초연결플랫폼바로고와함께성장할여러분들을기다립니다바로고RD바로고RD조직은바로고의메인비즈니스인라스트마일딜리버리플랫폼을만들고있습니다플랫폼개발을총괄하는조직과플랫폼기획을총괄하는조직이함께바로고플랫폼을만들어가고있습니다총4개의주요한프로덕트마다개발팀이1팀씩맵핑되어있습니다또한ProductManagerProductDesigner가개발팀과한팀처럼Scrum팀구조로함께제품을만들어가고있습니다프로덕트파트설명각개발팀주문중개파트다양한주문플랫폼앱과브랜드의상이한규격의주문정보데이터를바로고의주문중개API를통해표준화하여안전하게중개합니다상점파트바로고라스트마일딜리버리플랫폼의상생파트너인상점주사장님께상점플랫폼을통해다양한서비스와기능을제공합니다배달파트중개된주문정보를바로고의상생파트너인허브와라이더를통해고객에게배달관제합니다신사업파트바로고의미래를고민하며새로운라스트마일딜리버리의생태계를만들고있습니다플랫폼프로덕트그룹기획디자인RnR설명플랫폼전략사업전략과현장그리고IT사이에발생하는다양한요구사항과정책등을분석하고기획합니다PMOProductManagementOffice로서비즈니스와SW를관통하는프로덕트로드맵구축서비스구조로직분석및기획을담당하며각파트내에서개발팀과Scrum팀구조로함께제품을만들어가고있습니다PD팀ProductDesign팀으로바로고Uesr의경험에집중합니다UXUI설계디자인을담당하며PM과함께프로덕트가치및User경험향상을고민합니다각파트내에서개발팀과Scrum팀구조로함께제품을만들어가고있습니다우리팀소개DataDevOps팀은SRESiteReliabilityEngineeringCell과DataDevelopmentCellDataEnginnering로나누어져있습니다DataInfrastructure와ServiceInfrastructure는현재시점에서는통합관리가더효율적이라고생각하고분리되어있던양팀을합친형태로운영중입니다물론추후에는독립된형태로전문적으로운영할계획도있습니다저희가생각하는SRE와DataEngineering은각팀에서구성한환경을활용하는대상만다를뿐개발조직또는데이터조직의근간이되는시스템을구성한다고생각하고있습니다시스템파편화중복일관된기준없는구성등의단점을최소화하기위해OneTeam형태로운영하고있습니다저희팀에서일하는방식은공유방향성세팅Align해결방법솔루션선정협업공유문서화피드백의형태로일합니다현재저희팀은재택근무형태로대부분업무를진행하고있어요비동기식의사소통을지향하며팀원간목표를Align하고공감대를형성하기위해노력하고있습니다DDOps팀기술스택공통협업툴슬랙문서관리노션공통기획관련FigmaMiroGit공통개발관련GitDockerDataDevelopmentCell기술스택은Airflowairflow2버전을k8s에구성하여workflow도구로사용중이에요EMR현재6x버전으로이전진행중이에요persistent한형태와transient한형태를모두운영하고있어요Spark대용량etlframework로사용하고있어요Hivemetastore로사용하고있어요Prestosqlengine으로사용하고있어요Athena저희는다양한조회방법을제공하기위해sqlengine으로athena도사용하고있어요Redash전사데이터시각화도구로사용하고있어요Kafkakafka로인입되는데이터를DataLake에적재하고있어요DatabasePostgresqlawsrdsOracle저희는다양한데이터를다루고있어요여러RDBMS에서발생하고있는TransactionDataKafka로인입되는다양한종류의데이터serverevent라이더GPSLogmobilewebusereventdatathridpartydata모집부문상세내용사용기술HadoopAmazonEMRAmazonAthenaPostgreSQLOracleK8SDockerKafka주요업무저희는현재위기술스택에대한이해도를바탕으로신뢰도높은데이터를전사에제공하기위해데이터를DataLakes3에적재하는작업을하고있어요oralce데이터를daily로s3에적재하고있는기존crontab형태롤airflow형태로개선하고있어요kafkakafkaconnects3로적재되어있는raw데이터를일관된형태로다시정의한schema구조로적재하고있어요datalake에적재되어있는데이터를tier별로구분하고sqlengine으로조회가능하도록schema를만들고있어요시각화도구인Redash를운영하고있어요k8s에구성된Redash에대한관리는같은팀SRECell에서맡고있어요workflow도구인airflow2버전을운영하고있지만k8s에구성된airflow에대한관리는같은팀SRECell에서맡고있어요MetaDataManagementamunsendatahub등도구를도입할계획이에요DataQualityTestingSecurity에대한고려한DataArchitecture도진행할계획이에요자격요건위기술스택을바탕의실무경험을3년이상갖고계신분동시에공감대와함께일해보고싶다는방향성을가진분이면좋을거같아요그리고아래수준정도의이해도를갖고계신분이라면팀에훨씬더잘적응하실거같아요구조화된Python코드작성경험JavaScala동일저희는python으로주로airflow와pysparkcode를짜고있어요단기프로젝트보다는자체서비스를운영하며비즈니스와데이터환경에필요한일들을스스로찾아서능동적으로업무하실분EMRsparkhiveprestoS3기반Datalake운영경험Tier별데이터스키마정의및관리AWS기반에서Datainfra구축운영우대사항저희는DataEngineer의역할은데이터를활용하는분들에게데이터를잘활용할수있는환경을제공한다고생각있어서이러한부분에공감하시는분이면좋을거같아요공통된목표를달성하기위해현재해야하는일을스스로찾는분을찾고있어요진행중인업무에대해팀동료들과미래의나를위해문서작성을생활화하시는분이좋을거같아요RD개발문화성장에합당하게대우합니다코드리뷰깃브랜치전략스프린트등다양한활동을통해더나은개발문화와성장을고민합니다세분화된레벨제도를통해매년개인별역량과업적을상세히평가하고인정합니다연공서열보다역량이중요합니다바로고RD에서는90년대생개발팀장이나옵니다바로고RD의성장과함께할분을모십니다최대700만원의추천포상금을지급합니다임팩트있게일합니다자율재택근무중입니다거리두기안정화이후에도주23회재택을유지할예정입니다회식은필요할때만온라인미팅으로대체하기도합니다월요일13시출근으로충분한주말을갖습니다매스프린트마다투입가능시간리소스을반영한효율적인개발Plan을세우고있습니다협업과공유는성장의첫단계입니다테크블로그및사내공유를통해함께공유하고성장합니다사내교육문화활동에리워드지급코드리뷰는꼭합니다동료3인이상이리뷰하지않으면머지하지않습니다코드리뷰깃브랜치는단순히상급자의검토가아니라성장을목표로개발자간의피드백리뷰를지향합니다애자일프로세스를지향합니다개발자와PMProductDesigner가한팀처럼Scrum팀구조로일합니다스프린트를단순한스케줄링의목적으로활용하지않습니다P1P0P1플래닝기획은목적의식을갖고문제해결에집중할수있도록디테일하게진행합니다데모회고를통해피드백하며Align합니다마감일및근무지마감일상시근무지서울강남구언주로134길32복지및혜택일하기좋은환경과문화를위해직급없이님으로소통월요병No월요일1300까지자율출근부분적재택근무시행자유로운연차사용사내카페테리아전문바리스타의커피티를무한으로야근은지양하지만야근시에는야근식대및택시비지원구성원의행복을위해도서여행자기계발등을위한복지포인트연60만포인트건강검진지원격년직계가족1인검진비용50추가지원각종경조금및경조휴가자녀출산선물및경조금입학축하금해피패밀리수당자녀수에따라최대월40만원함께한시간감사한마음을담아해피근속시리즈근속연차별400만원채용절차및기타지원유의사항전형절차서류접수실무과제면접1차임원면접2차입사전형절차는일정및상황에따라변동될수있습니다대면비대면면접등각전형별일정은합격자대상으로개별안내합니다지원서또는제출서류상허위사실이있는경우채용이취소될수있습니다취업보호대상자및장애인국가보훈대상자는관련법령에따라우대합니다회사주요연혁201502바로고법인설립201805시리즈A투자유치알지피코리아from딜리버리히어로201906120억원규모시리즈B투자유치201912예비유니콘선정201912연간거래액1조원돌파202106800억원규모시리즈C투자유치202112100억원규모시리즈C브릿지Bridge투자유치202112연간거래액46조원돌파202201500억원규모시리즈C브릿지Bridge후속투자유치202205바로고리브랜딩MetaLogistics바로고는아래의목적으로개인정보를수집및이용하며회원의개인정보를안전하게취급하는데최선을다합니다개인정보수집및이용에대한안내1목적지원자개인식별지원의사확인입사전형의진행고지사항전달입사지원자와의원활한의사소통지원이력확인2항목성명생년월일이메일주소휴대폰번호이력및경력기술서기재사항3수집대상제외항목주민등록번호상세주소및채용절차의공정화에관한법률제4조의3출신지역등개인정보요구금지에명시된정보4보유기간지원시점으로부터1년까지보유위개인정보수집에대한동의를거부할권리가있으며동의거부시에는지원자등록이제한될수있습니다채용서류반환고지채용절차의공정화에관한법률제11조채용서류의반환등에의거하여채용과정에서오프라인으로제출하신서류의반환을요청할수있습니다반환청구서제출이확인된이후요청서류를등기우편으로발송드릴예정이며당사자가서류반환을청구하지않거나홈페이지또는전자우편으로제출된경우구직자가구인자의요구없이자발적으로제출한경우에는바로고개인정보처리방침에따라서파기됩니다,https://www.saramin.co.kr/zf_user/jobs/relay/view-detail?rec_idx=42854677&location=ts&searchword=%EB%8D%B0%EC%9D%B4%ED%84%B0+%EC%97%94%EC%A7%80%EB%8B%88%EC%96%B4&searchType=search&paid_fl=n&search_uuid=1a61d1ba-9b9d-4fff-be6c-3814875d9583&rec_seq=0&t_category=relay_view&t_content=view_detail&t_ref=&t_ref_content=,주바로고
15,대기업DATA엔지니어,대기업DATA엔지니어모집부문및자격요건모집부문수행예정직무자격요건근무지DATA엔지니어1분석및모델개발에필요한데이터를합리적으로표준화하여빅데이터시스템구축빅데이터시스템아키텍처설계빅데이터시스템의자료구조및시스템활용으로분석에적합한데이터생성2데이터분석및통합데이터소스분석을통한엡무데이터의통합및데이터마트구성다양한ETL기술을통한데이터처리HadoopHliveSpark등대용량분산처리및시스템의운영전처리자연요소및분석단계의시스템개선니즈파악및해당관리부서의견전달후개선점도출3신기술도입및운영전략수립클라우드기반의데이터분석소프트웨어전략수립OSSOpenSourceSoftware의전략및프로젝트추진학력학사이상경력경력5년11년정도의대리과장급ETL기술및프레임워크에대한지식HadoopHliveSpark등대용량분산처리MapReduceHDFS에대한이해SPARK사용가능자다수의데이터소스통합경험HBaseNoSQL우대사항데이터베이스테이터표준화역량지식보유분석언어RPythonSQLNoSQL사용및자격증보유자Hadoop구축및사용경험자서울중구복리후생지원금보험의료비지원본인직원대출제도각종경조사지원선택적복리후생복지카드포인트주요제품직원할인자녀학자금급여제도상여금퇴직금4대보험교육생활창립일행사도서구입비지원교육비지원자기계발비지원해외주재원제도근무환경자회사제품할인리프레시연차여름휴가경조휴가제반차창립일휴무근로자의날휴무육아휴직전형절차제출서류이력서자기소개서접수방법사람인온라인입사지원문의사항담당자백상기상무연락처02852022001036467475메일bskmanscoutcokr,https://www.saramin.co.kr/zf_user/jobs/relay/view-detail?rec_idx=44322334&location=ts&searchword=%EB%8D%B0%EC%9D%B4%ED%84%B0+%EC%97%94%EC%A7%80%EB%8B%88%EC%96%B4&searchType=search&paid_fl=n&search_uuid=1a61d1ba-9b9d-4fff-be6c-3814875d9583&rec_seq=0&t_category=relay_view&t_content=view_detail&t_ref=&t_ref_content=,맨파워스카우트
16,긴급업계최고대기업DataEngineer최우대진행중,긴급업계최고대기업빅데이터파이프라인구축및데이터처리최우대현재진행중임포지션DataEngineer업체정보업계12위에소비재대기업근무분위기Good복리후생이나연차제도잘되어있음만족도후기높은회사임업무내용빅데이터파이프라인구축및데이터처리AWSCloud자격요건학력학력무관경력년수유관경력총3년이상자격요건빅데이터파이프라인구조설계및구축경험HadoopEco또는AWSManagedService를이용한데이터시스템개발운영경험HiveSparkPresto중1개이상을활용한시스템개발운영경험배치또는스트리밍ETL관련모듈개발경험자바파이썬스칼라등을이용한데이터분석프로그램구현경험우대사항하기1개이상경험자반듯이지원요망클라우드환경데이터인프라환경에서의데이터데이터파이프라인개발경험AWSGoogle자최우대AWS서비스활용경험EMRKinesisMSKGlueAthenaRedshiftLambda자최우대AIMLOpsPipeline구축및개발운영경험자최우대KafkaKinesis기반스트리밍시스템개발운영경험자최우대NoSQL사용경험자최우대PoC및프로토타이핑을통한오픈소스기술검증경험자최우대오픈소스및기술스텍에대한오픈마인드보유자최우대연봉협의가능적임자최우대근무지서울빠른지원부탁드립니다적임자지원시바로마감예정조기마감예상현재진행중인공고임전형절차서류전형후면접전형제출서류제출서류국문이력서사진필첨국문경력기술서경력업체소개매출인원업종현연봉상세희망연봉퇴사사유국문자기소개서워드1개화일로송부요망제출처이메일입사지원andersonhumaraincokr휴머레인컨설팅대표컨설턴트AndersonLee1지원전회사오픈은어렵습니다2적임잡포탈지원포함자에한해개별연락예정이오니많은양해부탁드립니다상기공고는Urgent함으로적임자발생시바로채용예정가급적빠른지원바랍니다반드시사진생년월일업무상강점주요업무성과경력업체소개매출인원업종등현재희망연봉이직가능시기기재이력서기재내용및제출서류에허위사실이확인되는경우합격이취소될수있습니다,https://www.saramin.co.kr/zf_user/jobs/relay/view-detail?rec_idx=44367935&location=ts&searchword=%EB%8D%B0%EC%9D%B4%ED%84%B0+%EC%97%94%EC%A7%80%EB%8B%88%EC%96%B4&searchType=search&paid_fl=n&search_uuid=1a61d1ba-9b9d-4fff-be6c-3814875d9583&rec_seq=0&t_category=relay_view&t_content=view_detail&t_ref=&t_ref_content=,휴머레인컨설팅
17,긴급DataEngineer업계최고대기업최우대진행중,긴급빅데이터파이프라인구축및데이터처리업계최고대기업최우대현재진행중임포지션DataEngineer업체정보업계12위에소비재대기업근무분위기Good복리후생이나연차제도잘되어있음만족도후기높은회사임업무내용빅데이터파이프라인구축및데이터처리AWSCloud자격요건학력학력무관경력년수유관경력총3년이상자격요건빅데이터파이프라인구조설계및구축경험HadoopEco또는AWSManagedService를이용한데이터시스템개발운영경험HiveSparkPresto중1개이상을활용한시스템개발운영경험배치또는스트리밍ETL관련모듈개발경험자바파이썬스칼라등을이용한데이터분석프로그램구현경험우대사항하기1개이상경험자반듯이지원요망클라우드환경데이터인프라환경에서의데이터데이터파이프라인개발경험AWSGoogle자최우대AWS서비스활용경험EMRKinesisMSKGlueAthenaRedshiftLambda자최우대AIMLOpsPipeline구축및개발운영경험자최우대KafkaKinesis기반스트리밍시스템개발운영경험자최우대NoSQL사용경험자최우대PoC및프로토타이핑을통한오픈소스기술검증경험자최우대오픈소스및기술스텍에대한오픈마인드보유자최우대연봉협의가능적임자최우대근무지서울빠른지원부탁드립니다적임자지원시바로마감예정조기마감예상현재진행중인공고임전형절차서류전형후면접전형제출서류국문이력서경력기술서자기소개서MSWORD로작성후1개의화일로송부바랍니다제출처jamiehumaraincokr문의처Jamie01086774401반드시이력서송부후가급적이메일로문의부탁드립니다잦은미팅과출장으로통화가어렵습니다1지원전회사오픈은어렵습니다2적임잡포탈지원포함자에한해개별연락예정이오니많은양해부탁드립니다반드시사진생년월일업무상강점주요업무성과경력업체소개매출인원업종등현재희망연봉이직가능시기기재이력서기재내용및제출서류에허위사실이확인되는경우합격이취소될수있습니다,https://www.saramin.co.kr/zf_user/jobs/relay/view-detail?rec_idx=44367927&location=ts&searchword=%EB%8D%B0%EC%9D%B4%ED%84%B0+%EC%97%94%EC%A7%80%EB%8B%88%EC%96%B4&searchType=search&paid_fl=n&search_uuid=1a61d1ba-9b9d-4fff-be6c-3814875d9583&rec_seq=0&t_category=relay_view&t_content=view_detail&t_ref=&t_ref_content=,휴머레인컨설팅
18,NICE지니데이타클라우드엔지니어하둡채용,NICE지니데이타는국내최대정보회사인NICE평가정보의100자회사이며시장분석정보및컨설팅서비스를제공하는전문빅데이터컨설팅기업입니다데이터의표면적가치가아닌잠재적가치를고려하여데이터를선별하며공공금융유통제조등다양한기업고객에게시장트렌드및고객분석을위한마케팅데이터와컨설팅서비스를제공합니다또한개인사업자의성공창업을위한상권정보외식업CEO교육등다양한솔루션도제공합니다미래혁신사업팀에서함께할업무에요퍼블릭클라우드AWS환경을설계하고직접구축하며지속적으로개선하는일을해요퍼블릭클라우드AWS가안정적으로운영될수있도록모니터링시스템을만들고관리하는일을해요퍼블릭클라우드AWS으로하둡에코시스템을마이그레이션하는업무수행해요이런분을찾고있어요퍼블릭클라우드AWS기본구조설계부터개발운영경험이1년이상인분을찾아요InfrastructureasCode를이해하고구현할수있는분TerraformCDK을찾아요이런분이면더좋아요하둡Spark등빅데이터플랫폼구축운영경험이있으신분이면더좋아요시스템아키텍쳐설계및구축운영경험이있으신분이면더좋아요클라우드AWS자격증보유하면더좋아요함께하면받는혜택및복지복지카드와자기개발비그리고경조금과경조휴가를드려요매주금요일패밀리데이로5시퇴근해요체력단련유급휴가가1년에7개있어요교육비자격증취득비용을지원해요1년에한번씩건강검진을지원해요알아두기허위이력서작성시입사취소될수있어요함께하기위한방법접수기간2022년10월24일월15시00분2022년11월20일일23시59분접수방법사람인입사지원이력서양식사람인이력서양식함께하기위한여정서류전형1차면접2차면접최종합격,https://www.saramin.co.kr/zf_user/jobs/relay/view-detail?rec_idx=44275507&location=ts&searchword=%EB%8D%B0%EC%9D%B4%ED%84%B0+%EC%97%94%EC%A7%80%EB%8B%88%EC%96%B4&searchType=search&paid_fl=n&search_uuid=1a61d1ba-9b9d-4fff-be6c-3814875d9583&rec_seq=0&t_category=relay_view&t_content=view_detail&t_ref=&t_ref_content=,나이스지니데이타주식회사
19,DataEngineer,모집부문DataEngineer지원자격학력무관경력3년이상근무지역서울강남구역삼동706위워크타워모집인원0명채용일정20221130수2359까지채용시마감상세모집요강및접수방법은홈페이지지원참조,https://www.saramin.co.kr/zf_user/jobs/relay/view-detail?rec_idx=44319568&location=ts&searchword=%EB%8D%B0%EC%9D%B4%ED%84%B0+%EC%97%94%EC%A7%80%EB%8B%88%EC%96%B4&searchType=search&paid_fl=n&search_uuid=1a61d1ba-9b9d-4fff-be6c-3814875d9583&rec_seq=0&t_category=relay_view&t_content=view_detail&t_ref=&t_ref_content=,주클래스101
20,SICorp.경력직대규모수시채용시설시공자산등,SI경력직대규모수시채용시설관리경비용역시설관리기획전략직무직업경영기획기획전략직무직업기획기획전략직무직업사업기획기획전략직무직업인사기획기획전략직무직업행사기획기획전략직무직업PM프로젝트매니저기획전략전문분야경영관리기획전략전문분야사업개발기획전략전문분야사업관리기획전략전문분야사업제휴기획전략전문분야신사업기획기획전략전문분야신사업발굴기획전략전문분야예산관리기획전략전문분야UIUX마케팅홍보조사직무직업기업홍보마케팅홍보조사직무직업콘텐츠기획마케팅홍보조사직무직업콘텐츠마케팅마케팅홍보조사직무직업콘텐츠에디터마케팅홍보조사직무직업행사기획마케팅홍보조사직무직업홍보마케팅홍보조사직무직업AM어카운트매니저회계세무재무직무직업회계회계세무재무전문분야기업회계회계세무재무전문분야세무기장회계세무재무전문분야세무신고회계세무재무전문분야세무회계회계세무재무전문분야예산관리회계세무재무전문분야자산관리회계세무재무전문분야자산운용회계세무재무전문분야자체기장회계세무재무전문분야재무회계회계세무재무전문분야채권관리회계세무재무전문분야회계결산회계세무재무전문분야ERP회계세무재무전문분야IFRS인사노무HRD직무직업인사인사노무HRD직무직업HRM인사노무HRD담당분야인사교육인사노무HRD담당분야인사기획인사노무HRD담당분야인사행정인사노무HRD담당분야평가보상총무법무사무직무직업사무직총무법무사무전문분야문서작성총무법무사무전문분야사내행사총무법무사무전문분야사무보조총무법무사무전문분야사무행정총무법무사무전문분야시설관리총무법무사무전문분야인허가총무법무사무전문분야자산관리총무법무사무전문분야콘텐츠관리총무법무사무전문분야OAIT개발데이터직무직업기술지원IT개발데이터직무직업데이터분석가IT개발데이터직무직업데이터엔지니어IT개발데이터직무직업백엔드서버개발IT개발데이터직무직업앱개발IT개발데이터직무직업유지보수IT개발데이터직무직업프론트엔드IT개발데이터직무직업SE시스템엔지니어IT개발데이터전문분야데이터라벨링IT개발데이터전문분야데이터마이닝IT개발데이터전문분야데이터시각화IT개발데이터전문분야정보통신IT개발데이터전문분야APIIT개발데이터전문분야DevOpsIT개발데이터전문분야ERPIT개발데이터전문분야IoTIT개발데이터전문분야RDBMSIT개발데이터전문분야SAPIT개발데이터기술스택CSSIT개발데이터기술스택CSS3IT개발데이터기술스택iOSIT개발데이터기술스택JavaIT개발데이터기술스택JavascriptIT개발데이터기술스택ObjectiveCIT개발데이터기술스택ReactIT개발데이터기술스택RestAPIIT개발데이터기술스택SpringIT개발데이터기술스택SwiftIT개발데이터기술스택WebRTC디자인직무직업전시디자인디자인직무직업UIUX디자인영업판매무역직무직업부동산영업영업판매무역담당분야고객관리고객상담TM직무직업CS고객상담TM담당분야고객관리고객상담TM담당분야기술상담고객상담TM담당분야메일상담고객상담TM담당분야민원상담고객상담TM담당분야원격상담고객상담TM담당분야전화상담고객상담TM담당분야채팅상담구매자재물류직무직업구매구매자재물류직무직업구매관리구매자재물류직무직업구매기획서비스전문분야기계수리서비스전문분야시설관리생산직무직업기계설계생산직무직업전기설계생산직무직업전기제어건설건축직무직업건축가건설건축직무직업건축구조설계건설건축직무직업건축기사건설건축직무직업공무건설건축직무직업공조냉동기사건설건축직무직업기전기사건설건축직무직업보건관리자건설건축직무직업설계보조건설건축직무직업설계엔지니어건설건축직무직업소방설계건설건축직무직업시공관리자건설건축직무직업시공기사건설건축직무직업안전관리자건설건축직무직업안전보건관리자건설건축직무직업전기기사건설건축직무직업조경설계건설건축직무직업환경관리자건설건축직무직업환경설계건설건축전문분야공조설비건설건축전문분야부동산건설건축전문분야설비보수건설건축전문분야소방방재건설건축전문분야시설관리건설건축전문분야실내건축시공건설건축전문분야인테리어공사건설건축전문분야작업환경측정건설건축전문분야전기설비건설건축전문분야전기시공건설건축전문분야전기제어건설건축전문분야조경공사건설건축전문분야하자보수건설건축전문분야하자진단건설건축전문분야홈인테리어건설건축전문분야환경분석건설건축전문분야환경영향평가건설건축전문분야환경플랜트금융보험전문분야부동산투자금융보험전문분야자산운용,https://www.saramin.co.kr/zf_user/jobs/relay/view-detail?rec_idx=44376228&location=ts&searchword=%EB%8D%B0%EC%9D%B4%ED%84%B0+%EC%97%94%EC%A7%80%EB%8B%88%EC%96%B4&searchType=search&paid_fl=n&search_uuid=1a61d1ba-9b9d-4fff-be6c-3814875d9583&rec_seq=0&t_category=relay_view&t_content=view_detail&t_ref=&t_ref_content=,주에스앤아이코퍼레이션
21,풀무원각부문경력신입사원모집,모집부문주피피이씨글로벌김치모집부문상세내용글로벌김치공장공정품질관리경력직채용20221026수000020221118금0000담당업무생산공정QC관리및품질위생관리품질안전시스템HACCPFSSC22000할랄kosher인증관리제품클레임원인분석및대책수립고객사Audit대응상세내용자격요건식품공학식품관련전공자학사이상경력35년품질안전시스템유경험자HACCPFSSC22000할랄kosher최소1개이상우대사항식품제조음료및식품원료품질관련경력자위생사식품기사등식품관련자격증소지자미생물실험경력자외국어능통자인근지역거주자근무조건근무시간08301730근무장소풀무원글로벌김치공장전라북도익산고용형태주피피이씨글로벌김치정규직인사제도및복리후생httpspulmuonerecruitercokrappsitecompanycallSubPagecode13000code23300주풀무원모집부문상세내용수요예측모델러경력채용20221028금000020221110목0000담당업무수요예측최적화추천모델설계및개발서비스연계AI기반프로세스자동화과제수행오픈소스활용AI모델연구및적용상세내용자격요건프로그램언어활용능력PythonRSQL등딥러닝머신러닝프레임워크능숙자TensorflowPytorch등최신자료및논문을통해기술을습득하는것에어려움이없는자문제를논리적으로모델링할수있는능력보유자우대사항클라우드이해및사용역량CPG산업유통온라인비즈니스경험자데이터분석가AI엔지니어및AI서비스기획자와커뮤니케이션원활한자기타전공통계학산업공학컴퓨터공학인공지능빅데이터관련전공자선호근무지서울수서동본사경력5년이상고용형태정규직근무시간유연근무제시행으로8시10시사이출근시간선택출신선호기업업종식품유통관련기업대형중견IT관련기업이커머스업종근무조건고용형태정규직근무시간오전9시오후6시월금주5일유연근무제시행으로8시10시사이출근시간선택근무장소서울수서동인사제도및복리후생httpspulmuonerecruitercokrappsitecompanycallSubPagecode13000code23300데이터엔지니어경력채용20221028금000020221110목0000담당업무데이터베이스운영관리DBA데이터거버넌스데이터파이프라인구축및운영비즈니스요건분석에따른데이터마트설계데이터수집ETL데이터전처리상세내용자격요건ETL툴활용가능IBMDataStage데이터베이스설계및운영경험대용량데이터분석시스템구축경험다양한RDBMS활용경험우대사항프로그램언어활용능력및시각화툴사용경험PythonRTableau등클라우드이해및사용역량인공지능AIML이해및활용역량인프라관리및기획경험CPG산업유통온라인비즈니스경험데이터분석가AI모델러타부서인프라팀과커뮤니케이션원활기타전공산업공학컴퓨터공학전산학과관련전공자선호근무지서울수서동본사경력7년이상고용형태정규직근무시간유연근무제시행으로8시10시사이출근시간선택출신선호기업업종식품유통관련기업대형중견IT관련기업이커머스업종근무조건고용형태정규직근무시간오전9시오후6시월금주5일유연근무제시행으로8시10시사이출근시간선택근무장소서울수서동인사제도및복리후생httpspulmuonerecruitercokrappsitecompanycallSubPagecode13000code23300냉동밥연구개발경력직채용20221026수000020221106일2359담당업무냉동밥제품개발냉동밥주먹밥김밥등상세내용자격요건경력냉동제품연구개발3년이상학력학사이상식품공학식품가공학식품영양학조리학등관련전공석사이상우대근무조건고용형태정규직근무시간오전9시오후6시월금주5일근무장소충북청주시흥덕구오송읍풀무원기술원인사제도및복리후생httpspulmuonerecruitercokrappsitecompanycallSubPagecode13000code23300IR담당경력직채용20221023일000020221102수2359담당업무국내외투자자커뮤니케이션1on1미팅그룹미팅컨퍼런스콜NDR진행주식시장동향분석및당사성과분석IR자료작성상세내용자격요건학력학사이상관련경력3년이상비즈니스영어가능자우대사항제조업및유통소비재IR근무경험국내증권사자산운용사내풍부한인적네트워크보유근무조건고용형태정규직근무시간오전9시오후6시월금근무장소서울시강남구수서동인사제도및복리후생httpspulmuonerecruitercokrappsitecompanycallSubPagecode13000code23300장애인및보훈대상자는관계법령에의거하여우대합니다내부감사담당자채용221020221011화000020221030일2359담당업무정기감사특별감사수행및보고경영진단및개선사항도출업무프로세스개선부정조사수행및보고서작성기타감사관련제반업무상세내용자격요건해당업무경력경력37년내부감사프로세스개선에대한이해가있으신분커뮤니케이션능력보고서작성능력을보유하신분과제개발문제인식및분석력대안제시Reporting역량을가지신분윤리도덕적마인드우수자우대사항외국어가능자일반기업내부감사부서경험자동종업계유관업무경험자데이터분석관련Tool활용가능자회계업무경력자전형절차서류전형AI면접1차면접2차면접채용건강검진최종입사면접일정은합격자에한해별도공지예정입니다전형결과에따라공고는조기마감될수있습니다입사지원서내용이사실과다를경우입사가취소됩니다근무조건고용형태정규직근무시간오전9시오후6시월금주5일근무장소서울시강남구수서동인사제도및복리후생httpspulmuonerecruitercokrappsitecompanycallSubPagecode13000code23300장애인및보훈대상자는관계법령에의거하여우대합니다IT기획경력직채용20221018화000020221031월2359담당업무산업제도관련IT및Digital신기술Trend리서치대내외커뮤니케이션및보고자료작성사업계획업무보고등CLevel보고서전사IT전략수립지원기타제반IT기획운영업무지원상세내용자격요건경력사원대리급최소경력1년이상학력학사이상전사IT기획전략관리업무또는컨설팅경험이있는분PPTExcelWord기반Documentation역량을보유한분IT용어및업무에대한이해도가높은분우대사항CLevel보고서작성경험을보유한분컨설팅펌orIT대기업경력IT관련자격증정보처리ITILCISAPMPCIA등을보유한분근무조건고용형태정규직근무시간오전9시오후6시월금주5일시차출퇴근제시행으로8시10시사이출근시간선택근무장소서울수서동인사제도및복리후생httpspulmuonerecruitercokrappsitecompanycallSubPagecode13000code23300인재육성팀경력직채용20221020목000020221103목2359담당업무디지털아카데미기획운영학습플랫폼기반커뮤니티기획지원영상학습콘텐츠제작관리HRD트렌드리서치보고상세내용자격요건교육업무총6년이상기업HRD부서교육컨설팅업계단순교육과정운영이아닌과정개발경험필수전략적사고기획력문서작업능력면접시PT준비온라인모바일교육컨텐츠개발경험보유근무조건고용형태정규직근무시간오전9시오후6시월금주5일근무장소서울수서인사제도및복리후생httpspulmuonerecruitercokrappsitecompanycallSubPagecode13000code23300상온간식류연구개발경력직채용20221025화000020221106일2359담당업무상온간식류연구개발곡류가공품그래놀라시리얼영양바냉동간식류연구개발빵류익스트루더설비를이용한제품개발상세내용자격요건학력학사이상식품공학식품영양학등식품관련선호경력관련경력3년이상8년이하대형설비를이용한신제품출시경험식품공전식품위생법등식품법규이해도원가분석제조공정도등제품설계가능우대사항해외트랜드분석및외국어가능자영어일본어중국어해외제품개발및수출경험근무조건고용형태정규직근무시간오전9시오후6시월금근무장소충북오송풀무원기술원인사제도및복리후생httpspulmuonerecruitercokrappsitecompanycallSubPagecode13000code23300풀무원식품주모집부문상세내용SNS팀계약사원채용20221024월000020221107월2359담당업무풀무원공식SNS채널콘텐츠기획및운영인스타그램유튜브트위터블로그등SNS캠페인기획및운영SNS대행사관리채용법인풀무원식품주상세내용자격요건학력대졸이상학과무관경력유관경력25년이상우대사항홍보광고대행사또는인하우스SNS관리근무경력책임감이있고Creative한성향의소유자개인SNS채널운영경험포트폴리오제출우대보훈대상자우대근무조건근무시간09001800월금주5일근무장소강남구수서동고용형태계약직인사제도및복리후생httpspulmuonerecruitercokrappsitecompanycallSubPagecode13000code23300브랜드팀계약사원채용20221024월000020221107월2359담당업무브랜드관리자상표권전사브랜드관리업무전사상표권유지관리법무대리인과커뮤니케이션브랜드운영모니터링점검업무채용법인풀무원식품주상세내용자격요건학력대졸이상학과무관경력유관경력24년이상우대사항특허법률사무소업무경력자우대기업에서브랜드상표권관리업무경력자우대보훈대상자우대근무조건근무시간09001800월금주5일재택근무및시간조율가능근무장소강남구수서동고용형태계약직인사제도및복리후생httpspulmuonerecruitercokrappsitecompanycallSubPagecode13000code23300글로벌사업담당해외영업사원채용경력20221019수000020221102수2359담당업무아시아유럽지역해외영업해외유통사개발수출입해외시장관리기타무역사무등상세내용자격요건학력학사전공무관경력해외영업마케팅경력3년이상우대사항식품업계경력자해외사업기획유경험자근무조건고용형태정규직근무시간오전9시오후6시주5일40시간근무장소서울강남구광평로280인사제도및복리후생httpspulmuonerecruitercokrappsitecompanycallSubPagecode13000code23300풀무원물류시스템기획및운영신입경력모집20220928수000020221031월2359담당업무물류시스템기획기존시스템개선신규시스템개발물류시스템관리WMSTMSECS등하드웨어관리클라우드온프레미스서버PaaS프로그램Network채용법인풀무원식품주상세내용자격요건신입신입IT컴퓨터공학관련학과전공학사SpringframeworkSpringBoot기반Java개발경험자RESTfulAPI설계및구현경험자JavaScript기반의UI설계및구현경험자경력경력8년이상IT컴퓨터공학관련학과전공학사SpringframeworkSpringBoot기반Java개발경험자RESTfulAPI설계및구현경험자JavaScript기반의UI설계및구현경험자우대사항ERPWMSTMSECS등물류관련시스템개발또는관리경험DataREDISRabbitMQ기술경력FrontendVaadinFramework기술경력Agile경험자Kubernetes기반CICD운영경험자Microservice아키텍쳐에대한기본이해JPA기반설계및구현Docker활용JiraConfluence기반문서화및커뮤니케이션DevopsTDD에대한경험근무조건근무시간09001800근무장소풀무원용인물류센터고용형태정규직인사제도및복리후생httpspulmuonerecruitercokrappsitecompanycallSubPagecode13000code23300풀무원식품주CVS채널상품기획경력직채용20221025화000020221107월0000담당업무CVS채널전용상품기획및개발상세내용자격요건학력전공무관학사이상경력CVS상품기획식품리테일MD식품마케팅또는유통본부영업CVS본부영업3년이상우대사항CVS유통본부영업경력자우대CVS전용상품개발또는운영경험보유자상품개발MD전략수립및프로젝트경험자생산물류SCMCS손익관리등CVS유통프로세스전반에대한이해보유전형절차서류전형AI면접1차면접2차면접채용건강검진최종입사면접일정은합격자에한해별도공지예정입니다전형결과에따라공고는조기마감될수있습니다입사지원서내용이사실과다를경우입사가취소됩니다근무조건고용형태정규직근무시간오전9시오후6시월금주5일근무장소서울강남구수서동인사제도및복리후생httpspulmuonerecruitercokrappsitecompanycallSubPagecode13000code23300장애인및보훈대상자는관계법령에의거하여우대합니다풀무원물류센터IT운영경력직모집20221025화000020221108화2359담당업무물류전산Operating업무데이터처리3PL주문Data처리출하이동처리유통센터입문예약프로세스개선업무등사용시스템WEBLISOracleERP유통사홈롯데마트시스템채용법인풀무원식품주상세내용자격요건물류전산처리업무에대한이해를가지신분팀협업및업무관계자들과원활한의사소통이가능하고도전의지가높으신분MSOffice활용우수자우대사항동종업계전산업무유경험자우대관련자격증소지자우대근무조건근무시간09001900주말포함Rotation근무장소풀무원음성물류센터고용형태정규직인사제도및복리후생httpspulmuonerecruitercokrappsitecompanycallSubPagecode13000code23300풀무원물류센터IT운영신입모집20221025화000020221108화2359담당업무물류전산Operating업무데이터처리3PL주문Data처리출하이동처리유통센터입문예약프로세스개선업무등사용시스템WEBLISOracleERP유통사홈롯데마트시스템채용법인풀무원식품주상세내용자격요건물류전산처리업무에대한이해를가지신분팀협업및업무관계자들과원활한의사소통이가능하고도전의지가높으신분MSOffice활용우수자우대사항관련학과졸업자우대관련자격증소지자우대근무조건근무시간09001900주말포함Rotation근무장소풀무원음성물류센터고용형태정규직인사제도및복리후생httpspulmuonerecruitercokrappsitecompanycallSubPagecode13000code23300풀무원다논주모집부문상세내용영업기획TM경력직채용20221018화000020221031월2359담당업무TMTradeMarketing영업인프라관리RMManagemnetBP사선정및운영계획수립협업및성과관리등PRGMProfitableRevenueGrowthManagement채널별품목별수익성관리NPD신제품런칭계획수립및Listing관리CMCategoryManagement카테고리VisualMerchandizing가격책정InStoreMKT기획및실행제품선정및관리가격제품진열전략수립재고관리SOP유통사협상및JBP추진등상세내용자격요건학력대졸이상4년경력경력6년이상과차장급영어회화가능자우대사항식품유제품영업경험자영어능통자근무조건고용형태정규직수습기간3개월근무지서울수서동주푸드머스모집부문상세내용양지물류센터환경안전소방안전관리자담당경력직채용20220921수000020221031월0000담당업무물류센터소방안전관리자선임물류센터안전관리안전점검위험성평가안전보건교육도급안전관리상세내용자격요건학력공학계열4년제대학교졸업자또는졸업예정자경력경력5년이상소방안전관리자1급또는소방설비기사산업기사자격증보유자해외여행에결격사유가없는자남성의경우병역필또는면제된자커뮤니케이션원활한분우대사항식품제조또는물류센터환경안전관련경력이있는분산업안전기사산업위생등안전보건관련자격증보유자우대근무조건근무시간09001800또는08301750월금주5일근무장소풀무원양지물류센터고용형태소속정규직주푸드머스인사제도및복리후생httpspulmuonerecruitercokrappsitecompanycallSubPagecode13000code23300식자재영업실수요영업경력직채용20221021금000020221106일2359담당업무밀키트HMR채널신규영업및수주외식채널캐터링상품제안주문관리프로모션기획매출및손익목표관리고객사특성에맞는전용상품기획및개발채용법인풀무원주푸드머스상세내용자격요건경력관련경력34년이상밀키트HMR제조사고객사에소재원료영업유경험자경력직기업캐터링업무유경험자종합식재및B2B식품영업에대한이해도높은경력자내외부커뮤니케이션스킬우수자리더십이있고MSOffice활용능력우수자근무조건근무시간09001800근무장소서울강남구수서동고용형태정규직인사제도및복리후생httpspulmuonerecruitercokrappsitecompanycallSubPagecode13000code23300주엑소후레쉬물류모집부문상세내용용인물류센터온라인물류기획담당자채용경력신입20220923금090020221030일2359담당업무온라인물류운영계획수립및전산시스템운영입출고및재고관리물량및비용마감부자재관리및발주도급사운영및계약택배사관리CS대응상세내용자격요건대졸학사이상동종업계근무경력또는온라인물류시스템관련직무경험자우대사항물류관련전공물류관리사유통관리사자격증동종업계근무경력자2년이상온라인운영시스템사용경력자1년이상사업장인근거주자전형절차서류전형AI면접1차면접2차면접채용건강검진최종입사면접일정은합격자에한해별도공지예정입니다전형결과에따라공고는조기마감될수있습니다입사지원서내용이사실과다를경우입사가취소됩니다근무조건고용형태정규직소속법인엑소후레쉬물류주근무시간오전9시오후6시월금주5일근무장소용인물류센터인사제도및복리후생httpspulmuonerecruitercokrappsitecompanycallSubPagecode13000code23300장애인및보훈대상자는관계법령에의거하여우대합니다주피피이씨음성생면모집부문상세내용음성생면공장신입사원채용생산관리20221013목000020221031월0000담당업무계획생산을위한기준정보관리계획실행및MonitoringFeedback월간주간SOP점검및일간생산스케쥴링수립제조활동생산성지표KPI지표관리모니터링수율OEELoss외공정자동화생산효율화검토실행다양한의사결정의정량적분석접근예상원가검토실적원가분석상세내용자격요건산업공학산업경영공학경영학과등이공상경계열전공자CPIM우대성적우수자우대엑셀파워포인트사용가능자사업장인근거주자전형절차서류전형AI면접1차면접2차면접채용건강검진최종입사면접일정은합격자에한해별도공지예정입니다전형결과에따라공고는조기마감될수있습니다입사지원서내용이사실과다를경우입사가취소됩니다근무조건고용형태정규직3개월수습적용소속법인주피피이씨음성생면근무시간오전9시오후6시월금주5일근무장소음성생면공장충북음성인사제도및복리후생httpspulmuonerecruitercokrappsitecompanycallSubPagecode13000code23300장애인및보훈대상자는관계법령에의거하여우대합니다주씨디스어소시에이츠모집부문상세내용풀무원디자인센터신입경력사원채용20220901목000020221031월0000담당업무풀무원전사브랜드패키지디자인크리에이티브실무상세내용자격요건학력학사이상23년2월졸업예정자지원가능전공디자인관련전공자필수신입경력공통디자인제작Tool포토샵일러스트레이터인디자인etc사용가능자경력자의경우관련실무경력24년우대사항신입경력공통국내외공모전입상등수상경력신입의경우패키지디자인관련업무실무인턴경험기타지원서작성시브랜드패키지디자인에포커스된디자인포트폴리오제출필수신입의경우수습6개월적용후평가에따라정규직전환수습기간중급여80지급경력의경우1차면접시실무과제테스트진행전형절차서류전형AI면접면접최종입사면접일정은합격자에한해별도공지예정입니다전형결과에따라공고는조기마감될수있습니다입사지원서내용이사실과다를경우입사가취소됩니다근무조건고용형태정규직소속풀무원디자인센터소속법인주씨디스어소시에이츠근무시간오전9시오후6시주5일40시간근무장소서울수서인사제도및복리후생httpspulmuonerecruitercokrappsitecompanycallSubPagecode13000code23300전형절차는채용부분별상이할수있으니참고해주시기바랍니다면접일정은합격자에한해별도공지예정입니다전형결과에따라공고는조기마감될수있습니다문의사항담당자정보김미정이메일mjkimapulmuonecom접수방법및기간접수방법홈페이지접수접수기간2022년11월15일24시까지모집부문별접수기간이상이하오니상세요강확인요망홈페이지바로가기기타사항풀무원은모두를환영합니다풀무원은채용에서퇴직에이르기까지출신성별나이장애인종종교가족형태성정체성여부등에따른일체의차별및괴롭힘을금지하고다양성을존중합니다참고사항지원서내용이사실과다르거나허위서류를제출하신경우채용이취소될수있습니다지원서수정은홈페이지로그인후마이페이지나의지원현황에서수정하실수있습니다,https://www.saramin.co.kr/zf_user/jobs/relay/view-detail?rec_idx=44306384&location=ts&searchword=%EB%8D%B0%EC%9D%B4%ED%84%B0+%EC%97%94%EC%A7%80%EB%8B%88%EC%96%B4&searchType=search&paid_fl=n&search_uuid=1a61d1ba-9b9d-4fff-be6c-3814875d9583&rec_seq=0&t_category=relay_view&t_content=view_detail&t_ref=&t_ref_content=,주풀무원
22,2022년하반기효성그룹경력채용,2022년하반기효성그룹경력채용석유화학에너지화학섬유의류패션섬유기획전략직무직업기술기획기획전략전문분야신사업기획기획전략전문분야신사업발굴마케팅홍보조사직무직업기업홍보마케팅홍보조사직무직업디지털마케팅마케팅홍보조사직무직업마케팅마케팅홍보조사직무직업마케팅기획마케팅홍보조사직무직업마케팅전략마케팅홍보조사직무직업바이럴마케팅마케팅홍보조사직무직업브랜드마케팅마케팅홍보조사직무직업제휴마케팅마케팅홍보조사전문분야IMC회계세무재무직무직업세무사회계세무재무직무직업재무회계세무재무전문분야기업회계회계세무재무전문분야내부감사회계세무재무전문분야세무신고회계세무재무전문분야세무조정회계세무재무전문분야세무회계회계세무재무전문분야외환관리회계세무재무전문분야원가관리회계세무재무전문분야원가회계회계세무재무전문분야재무기획회계세무재무근무장소해외법인인사노무HRD직무직업인사인사노무HRD직무직업HRD인사노무HRD담당분야법정의무교육인사노무HRD담당분야복리후생인사노무HRD담당분야인사교육인사노무HRD담당분야인사기획인사노무HRD담당분야인사행정총무법무사무전문분야OAIT개발데이터직무직업기술지원IT개발데이터직무직업데이터엔지니어IT개발데이터직무직업백엔드서버개발IT개발데이터직무직업유지보수IT개발데이터직무직업SE시스템엔지니어IT개발데이터전문분야네트워크IT개발데이터전문분야모델링IT개발데이터전문분야솔루션IT개발데이터전문분야인프라IT개발데이터전문분야GISIT개발데이터전문분야SWIT개발데이터기술스택CIT개발데이터기술스택C언어IT개발데이터기술스택LinuxIT개발데이터기술스택PythonIT개발데이터기술스택Ubuntu영업판매무역직무직업기술영업영업판매무역직무직업네트워크영업영업판매무역직무직업솔루션기술영업영업판매무역직무직업해외시장개척영업판매무역직무직업해외영업영업판매무역담당분야무역영어영업판매무역담당분야수출입영업판매무역담당분야해외영업관리영업판매무역담당분야해외영업지원구매자재물류전문분야조달구매생산직무직업생산생산직무직업생산관리생산직무직업생산기술생산직무직업생산설계생산직무직업설비OP생산직무직업자동제어생산직무직업장비제어생산직무직업전기설계생산직무직업전기제어생산직무직업전자제어생산직무직업플랜트설계생산직무직업QA생산직무직업QC생산전문분야석유화학생산전문분야섬유의류생산전문분야에너지관리생산전문분야AutoCAD생산전문분야CAD생산전문분야SW건설건축직무직업공무건설건축직무직업대기환경기사건설건축직무직업수질환경기사건설건축직무직업현장관리자건설건축직무직업현장기사건설건축직무직업환경설계건설건축전문분야화학플랜트건설건축전문분야환경분석건설건축전문분야환경플랜트연구RD직무직업연구원연구RD직무직업RD연구RD직무직업RD기획연구RD전문분야고분자연구RD전문분야기술연구연구RD전문분야신재생에너지연구RD전문분야이화학시험,https://www.saramin.co.kr/zf_user/jobs/relay/view-detail?rec_idx=44396920&location=ts&searchword=%EB%8D%B0%EC%9D%B4%ED%84%B0+%EC%97%94%EC%A7%80%EB%8B%88%EC%96%B4&searchType=search&paid_fl=n&search_uuid=1a61d1ba-9b9d-4fff-be6c-3814875d9583&rec_seq=0&t_category=relay_view&t_content=view_detail&t_ref=&t_ref_content=,주효성
23,어드밴텍케이알신입경력채용,기획전략직무직업경영기획기획전략직무직업기술기획기획전략직무직업기획기획전략직무직업브랜드기획기획전략직무직업사업기획기획전략직무직업서비스기획기획전략직무직업웹기획기획전략직무직업인사기획기획전략직무직업전략기획기획전략전문분야경영관리기획전략전문분야경영분석기획전략전문분야경영컨설팅기획전략전문분야데이터분석기획전략전문분야시장조사기획전략전문분야트렌드분석기획전략전문분야UIUX마케팅홍보조사직무직업광고마케팅마케팅홍보조사직무직업글로벌마케팅마케팅홍보조사직무직업기업홍보마케팅홍보조사직무직업마케팅기획마케팅홍보조사직무직업마케팅전략마케팅홍보조사직무직업브랜드마케팅마케팅홍보조사직무직업온라인마케팅마케팅홍보조사직무직업BM브랜드매니저마케팅홍보조사전문분야세일즈프로모션마케팅홍보조사전문분야시장조사마케팅홍보조사전문분야이벤트프로모션마케팅홍보조사전문분야통계분석회계세무재무직무직업경리사무원회계세무재무직무직업재무회계세무재무직무직업전산회계회계세무재무직무직업회계회계세무재무전문분야더존회계세무재무전문분야법인결산회계세무재무전문분야법인세신고회계세무재무전문분야부가세신고회계세무재무전문분야세무회계회계세무재무전문분야원가회계회계세무재무전문분야원천세신고회계세무재무전문분야재무회계회계세무재무전문분야전표입력회계세무재무전문분야회계결산회계세무재무전문분야ERP인사노무HRD직무직업인사인사노무HRD직무직업HRD인사노무HRD직무직업HRM인사노무HRD담당분야급여Payroll인사노무HRD담당분야실적관리인사노무HRD담당분야인사기획인사노무HRD담당분야인사행정인사노무HRD담당분야임금협상총무법무사무직무직업사무직총무법무사무직무직업서무총무법무사무직무직업총무총무법무사무전문분야경영지원총무법무사무전문분야사무보조총무법무사무전문분야사무행정총무법무사무전문분야전산총무총무법무사무전문분야Excel총무법무사무전문분야OAIT개발데이터직무직업기술지원IT개발데이터직무직업데이터엔지니어IT개발데이터직무직업웹개발IT개발데이터직무직업웹마스터IT개발데이터직무직업유지보수IT개발데이터직무직업DBAIT개발데이터직무직업SE시스템엔지니어IT개발데이터전문분야네트워크IT개발데이터전문분야방화벽IT개발데이터전문분야영상처리IT개발데이터전문분야ERPIT개발데이터전문분야HWIT개발데이터전문분야IoTIT개발데이터전문분야SWIT개발데이터전문분야SAPIT개발데이터전문분야VPNIT개발데이터전문분야WindowsIT개발데이터기술스택NETIT개발데이터기술스택ASPNETIT개발데이터기술스택AzureIT개발데이터기술스택CIT개발데이터기술스택CSSIT개발데이터기술스택CSS3IT개발데이터기술스택HTMLIT개발데이터기술스택HTML5IT개발데이터기술스택JavaIT개발데이터기술스택JavascriptIT개발데이터기술스택LinuxIT개발데이터기술스택MariaDBIT개발데이터기술스택MSSQLIT개발데이터기술스택MySQLIT개발데이터기술스택OracleDBIT개발데이터기술스택SQL디자인직무직업배너디자인디자인직무직업브랜드디자인디자인직무직업앱디자인디자인직무직업영상디자인디자인직무직업웹디자인디자인직무직업프로모션디자인디자인직무직업UIUX디자인디자인전문분야상세페이지디자인작업ToolHTML영업판매무역직무직업기술영업영업판매무역직무직업네트워크영업영업판매무역직무직업솔루션기술영업영업판매무역직무직업시스템영업영업판매무역직무직업영업영업판매무역직무직업영업MD영업판매무역직무직업영업관리영업판매무역직무직업영업기획영업판매무역직무직업영업마케팅영업판매무역직무직업영업전략영업판매무역직무직업영업지원영업판매무역직무직업영업직영업판매무역직무직업온라인판매영업판매무역직무직업의료기기영업영업판매무역직무직업해외영업영업판매무역직무직업IT영업영업판매무역직무직업SI영업영업판매무역담당분야거래처관리영업판매무역담당분야고객관리영업판매무역담당분야무역거래영업판매무역담당분야무역영어영업판매무역담당분야바이어발굴관리영업판매무역담당분야수발주영업판매무역담당분야수출입영업판매무역담당분야온라인영업영업판매무역담당분야유통영업영업판매무역담당분야점포개발영업판매무역담당분야주문관리영업판매무역담당분야HW영업판매무역담당분야SW고객상담TM담당분야AS상담구매자재물류직무직업구매구매자재물류직무직업구매관리구매자재물류직무직업구매기획구매자재물류직무직업자재관리구매자재물류직무직업재고관리구매자재물류직무직업SCM구매자재물류직무직업SRM구매자재물류전문분야수발주구매자재물류전문분야자재구매구매자재물류전문분야ERP상품기획MD직무직업리테일MD상품기획MD직무직업브랜드MD상품기획MD직무직업오프라인MD상품기획MD직무직업온라인MD상품기획MD담당분야브랜드관리상품기획MD담당분야브랜드기획상품기획MD담당분야브랜드런칭상품기획MD담당분야브랜드확장상품기획MD담당분야소셜커머스상품기획MD담당분야시장조사상품기획MD담당분야이커머스상품기획MD담당분야자사몰관리상품기획MD담당분야프로모션기획상품기획MD담당분야CS관리서비스직무직업AS기사생산직무직업기술설계생산직무직업기술엔지니어생산직무직업단순생산직생산직무직업반도체설계생산직무직업생산생산직무직업생산관리생산직무직업생산기술생산직무직업생산설계생산직무직업설계엔지니어생산직무직업전기설계생산직무직업전기제어생산직무직업전자제어생산직무직업제품설계생산직무직업PSM생산직무직업QA생산직무직업QC생산전문분야디스플레이생산전문분야조립생산전문분야HW생산전문분야PCB생산전문분야SW생산전문분야SMT생산작업도구라우터건설건축직무직업기전기사건설건축직무직업전기기사건설건축직무직업전기설계건설건축직무직업전산기술직건설건축직무직업환경설계건설건축전문분야전기설비건설건축전문분야전기시공건설건축전문분야전기제어연구RD직무직업연구원연구RD직무직업RD연구RD전문분야기술연구연구RD전문분야전자파연구RD전문분야제약바이오교육교육과목중국어미디어문화스포츠전문분야중국어공공복지직무직업병역특례,https://www.saramin.co.kr/zf_user/jobs/relay/view-detail?rec_idx=44312884&location=ts&searchword=%EB%8D%B0%EC%9D%B4%ED%84%B0+%EC%97%94%EC%A7%80%EB%8B%88%EC%96%B4&searchType=search&paid_fl=n&search_uuid=1a61d1ba-9b9d-4fff-be6c-3814875d9583&rec_seq=0&t_category=relay_view&t_content=view_detail&t_ref=&t_ref_content=,어드밴텍케이알주
24,캐논코리아각부문채용본사지사,모집부문부문직무구분상세직무및필수우대사항근무지영업본부PP사업팀솔루션컨설턴트신입또는경력정규직직급면접후결정업무내용디지털상업인쇄고객대상으로제품제안및컨설팅영업판촉전략수립및신규고객발굴기존고객관리및자료관리자격조건대학23년이상졸업자상업인쇄영업3년이상경력보유자우대사항상업인쇄시장이해도보유자서울강남구본사대전광역시영업본부채널영업1부문부산지사솔루션컨설턴트신입또는경력정규직직급면접후결정업무내용기업관공서대리점대상사무기및솔루션제안및컨설팅영업판촉전략수립및신규고객발굴기존고객및자료관리거래처채권관리필수자격대학4년이상졸업자우대사항운전면허증보유자MSOffice사용가능자네트워크지식보유자관련업무경험자적극적성격원활한커뮤니케이션능력보유자부산광역시영업본부채널영업1지원팀영업지원신입정규직직급신입업무내용판촉계획수립및지원시장정보수집분석판매계획수립실적집계분석손익관리영업및입찰수주를위한다양한판매지원파트너개설성장을위한제반사항지원필수자격대학23년이상졸업자우대사항MSOffice사용가능자관련업무경험자적극적성격원활한커뮤니케이션능력보유자서울강남구본사영업본부메디컬영업팀솔루션컨설턴트경력정규직직급면접후결정업무내용의료장비안과영업판촉전략수립및신규고객발굴기존고객및자료관리거래처채권관리자격조건대학23년이상졸업자의료장비안과영업경력보유자우대사항MSOffice활용가능자운전면허보유자서울강남구본사마케팅부문Marcom2담당웹디자인계약직직급사원업무내용회사홈페이지운영서포트및backoffice관리업무이메일SMSLMS발송등기타마케팅관리업무지원웹사이트이벤트및프로모션진행관리및데이터확인업무모바일플랫폼웹앱방식운영관리및유지보수업무지원온라인플랫폼내디자인베리에이션및컨텐츠재가공업무소셜플랫폼페이스북인스타그램등광고디자인지원온라인오프라인판매채널용배너및판촉용디자인지원마케팅그룹내각종어드민업무지원자격조건대학23년이상졸업자MSoffice활용가능자관련업무경험자우대사항MSoffice활용우수자서울강남구본사마케팅부문Marcom2담당상품기획경력정규직직급면접후결정업무내용캐논통합홈페이지웹마스터역할웹기획및운영홈페이지컨텐츠제작및관리홈페이지운영에이전시관리웹사이트이벤트및프로모션진행관리모바일플랫폼웹앱방식운영및리뉴얼기획등고객개인정보보호관리고객DB를활용한CRM프로모션이벤트기획및운영GAGoodAnalytics를활용한홈페이지내고객활동분석리포트작성홈페이지운영프로세스정책관리및개선자격조건대학4년이상졸업자기업웹사이트및온라인컨텐츠관리백오피스운영경험보유자웹기본지식HTMLCSSxjavascript등보유자GAGoodAnalytics활용가능자우대사항MSOffice활용가능자프로젝트매니지먼트및관리경험보유자SQL쿼리활용가능자서울강남구본사서비스부문서비스지원팀업무보조계약직1년직급사원기간계약직업무내용복합기등당사제품설치사원필수자격고등학교졸업자이상색각색맹색약에문제가없는자우대사항이공계열전공마이스터고특성화고졸업자네트워크자격증보유자서울강남구서비스부문서비스지원서비스기술경력정규직직급면접후결정업무내용DSLR미러리스카메라및렌즈기술서비스제공DSLR미러리스카메라및렌즈수리언론사및프로고객기술지원언론사정기점검투어서비스카메라고객센터기술교육및평가영업및마케팅활동기술지원등필수자격대학23년이상졸업자DSLR미러리스카메라및렌즈기술관련분야경력자방송렌즈기술또는방송영상관련분야경력자영화카메라및렌즈기술경력자우대사항일본어또는영어가능자사진영상관련전공자DSLR미러리스서울중구캐논코리아프로서포트센터서비스부문강원TS센터서비스엔지니어신입정규직직급사원업무내용사무기기복합기LBP소형복합기등서비스지원제품에대한지역별사후서비스1차대응담당관할지역파트너서비스지원제품서비스활동계획수립및전개제품서비스접수및처리결과등록관리제품Rental유지보수기기운영관리제품착하Claim일반ClaimRepair판단후조치및처리자격조건대학23년이상공과계열졸업자전자기기서비스및전자기초네트웍기술보유자운전면허보유자색각색맹색약에문제가없는자우대사항네트워크자격증보유자강원TS센터강원도원주서비스부문서비스지원1팀서비스엔지니어신입또는경력직급면접후결정업무내용XRAYDR장비Installation및유지보수제조사와의업무커뮤니케이션영어고객사기술지원활동외근출장서비스활동계획수립및전개자격조건대학4년이상졸업자공과계열전공자운전면허보유자비즈니스영어사용가능자중급회화필수우대사항관련업무경험자2년이상일본어사용가능자서울강남구본사서비스부문충청TS센터기술지원신입정규직직급사원업무내용일반고객택배입고수리및내방대응관할지역지정점대행점미처리건수리내방택배지역내간접채널에대한기술지원및관리서비스소모품부품및재고관리개인고객부품매출및상담관련업무자격조건대학23년이상졸업자공과계열전공자우대사항네트워크자격증대전광역시기술연구소S설계팀솔루션개발신입또는경력정규직직급면접후결정업무내용Webapplication설계및개발mobileapplication설계및개발DB데이터검증및활용MPS서버프로그램설계및개발C을활용한PCagent설계및개발JAVAapplet을이용한프로그램설계및개발필수자격대학4년이상졸업자컴퓨터및전산관련전공경력보유자우대사항정보처리기사소지자WEBapplication개발능력보유자JavaCPython개발능력보유자DB활용능력보유자JPT600JLPTN3이상또는TOEIC700이상서울강남구본사면접전형진행시당사양식입사지원서작성을요청드릴수있습니다전형절차직무별채용전형상이할수있음경력채용시이전경력에대하여평판조회가진행될수있음접수기간및방법접수기간2022년11월30일마감접수방법사람인온라인입사지원복수직무중복지원불가기타사항국가보훈대상자및장애인은증명서제출시관계법및내부규정에의해서우대합니다입사지원서에허위기재가있거나제출서류가허위로판명되는경우채용이취소될수있습니다채용관련세부사항은faq를확인하시기바랍니다위항목이외의사항에대해서는당사취업규칙에따릅니다서류심사합격자에한하여면접일정은개별적으로안내드립니다당사채용홈페이지를통해제출해주신이력서및채용관련서류는채용완료후5일이내삭제됩니다사람인등외부채용포탈을통해접수하신경우해당사이트의개인정보보관규정에따라처리되며즉시삭제를원하시는경우해당사이트에서지원취소및지원이력삭제해주시기바랍니다면접전형진행시당사양식입사지원서작성을요청드릴수있습니다채용절차의공정화에관한법률제11조채용서류의반환등고지구인자는구직자의채용여부가확정된이후구직자확정된채용대상자는제외한다가채용서류의반환을청구하는경우에는본인임을확인한후대통령령으로정하는바에따라반환하여야한다다만제7조제1항에따라홈페이지또는전자우편으로제출된경우나구직자가구인자의요구없이자발적으로제출한경우에는그러하지아니하다제1항에따른구직자의채용서류반환청구는서면또는전자적방법등고용노동부령으로정하는바에따라하여야한다구인자는제1항에따른구직자의반환청구에대비하여대통령령으로정하는기간동안채용서류를보관하여야한다다만천재지변이나그밖에구인자에게책임없는사유로채용서류가멸실된경우구인자는제1항에따른채용서류의반환의무를이행한것으로본다구인자는대통령령으로정한반환의청구기간이지난경우및채용서류를반환하지아니한경우에는개인정보보호법에따라채용서류를파기하여야한다제1항에따른채용서류의반환에소요되는비용은원칙적으로구인자가부담한다다만구인자는대통령령으로정하는범위에서채용서류의반환에소요되는비용을구직자에게부담하게할수있다,https://www.saramin.co.kr/zf_user/jobs/relay/view-detail?rec_idx=44336057&location=ts&searchword=%EB%8D%B0%EC%9D%B4%ED%84%B0+%EC%97%94%EC%A7%80%EB%8B%88%EC%96%B4&searchType=search&paid_fl=n&search_uuid=1a61d1ba-9b9d-4fff-be6c-3814875d9583&rec_seq=0&t_category=relay_view&t_content=view_detail&t_ref=&t_ref_content=,캐논코리아주식회사
25,2023년1분기캐논코리아정기신입사원채용연계형인턴모집,응시자격토탈이미징솔루션기업캐논코리아주식회사의비전을공유하실수있는분2023년3월정규직입사가능한학사이상학위취득자및취득예정자23년2월졸업예정자해외여행및건강상결격사유가없는분모집부문및자격요건직무상세분야경영지원재경영업지원영업상품기획홈페이지운영관리산업기술제품생산기술전기설계제품생산기술메카설계자동화설비전기설계자동화설비메카설계연구개발RD지원SW전기전자기계기구직무전공분야우대사항담당업무근무지경영지원재경0명필수상경계열전공우대회계관련전공외국어일본어우수자원가관리회계업무경험및관련자격증보유자회계결산제조원가계산등제부품표준원가설정및운영외부회계감사및세무조사대응일반재무회계및내부회계관리RISK관리업무경기안산시영업지원영업상품기획0명우대상경계열전공외국어영어일본어우수자OA활용능력우수자헬스케어시장에대한높은이해도의료기관련업무경험보유자시장조사및신제품도입계획수립영업전략기획및영업현장지원매출및손익관리제품관련콘텐츠제작및관리서울강남구본사영업지원홈페이지운영관리0명우대IT관련전공웹운영서버데이터베이스네트워크등에대한기본지식캐논코리아홈페이지운영모바일플랫폼운영관리마케팅관리업무지원광고판촉디자인지원서울강남구본사제품생산기술전기설계0명필수전기전자공학및전자컴퓨터공학관련전공외국어일본어우수자공정공구설계변경및개발생산관련공정개선및효율화전기부품관리검사포장물류자동화관련전장설계및구상경기안산시제품생산기술메카설계0명필수기계공학로봇공학관련전공외국어일본어우수자생산자동화도입유지보수및메카설계변경업무신기종메카부품관리금형제작사양설정및금형부품관련불량대응생산공정개선및효율화경기안산시자동화설비전기설계0명필수전기전자공학관련전공외국어일본어우수자2DCAD활용가능자전기기사자격증자동화설비설계및제작설치Hard설계AutoCADEPLAN활용PLC설계HMIProface외설계Servo및Robot제어설계2차전지Assembly공정설계경기안산시자동화설비메카설계0명필수기계공학관련전공외국어일본어우수자2D3DCAD활용가능자기계설계관련자격증보유자자동화설비기계적설계업무조립도면및부품도면작성CAD활용OLED장비의노광장치증착설비설계및해석2차전지Assembly공정설계경기안산시연구개발RD지원0명전공무관외국어영어일본어우수자OA활용능력우수자기술연구소손익관리및전망수립KPI설정및관리사업보고서작성파트너사계약관리경기안산시연구개발SW0명필수컴퓨터공학SW관련전공외국어영어일본어우수자정보처리기사자격증Database관련자격증복사인쇄스캔정보취득디바이스제어통계관련솔루션개발웹모바일앱설계및개발EmbeddedSW개발경기안산시연구개발전기전자0명필수전기전자공학관련전공외국어영어일본어우수자전자관련자격증보유자복사기프린터스캐너의전기전자부품개발설계검증및평가전원회로Controller및전장부품Hardware제어전기전자신제품개발및상품화전기전자부품및기판부품발주및도전작업노이즈시험및디버깅경기안산시연구개발기계기구0명필수기계공학관련전공외국어일본어우수자기계설계관련자격증보유자복사기프린터스캐너의기계기구개발설계검증및평가신기종사양설정및구현3D설계툴활용전기전자및기계부품제어설계제품양산및개선방안검토경기안산시전형절차접수기간및방법접수기간2022년11월7일월17302022년11월20일일2300캐논코리아회사모집직무및채용상세내용은롯데그룹홈페이지에서확인가능홈페이지바로가기접수방법롯데그룹채용홈페이지온라인접수전형일정은향후다소변경될수있음변경시사전안내예정캐논코리아채용연계형인턴십특징및장점급여및처우인턴십기간동안정규직과동일근속기간인턴십기간도근속기간에포함정규전환심사절대평가를통한정규채용예정100정규채용도가능인턴십진행결과개인역량고려하여면담을통해유사부서직무에배치가능캐논코리아알아보기기타사항본채용공고는AGrade사원으로전환되는인턴채용건임국가보훈대상자및장애인은관련법규에의거우대함입사지원사항및자격사항이사실과다를경우입사합격를취소함졸업예정자의경우졸업요건미흡에따른학위취득불가시합격이취소될수있음예졸업논문불합격등채용청탁등부정한행위에관련된경우입사합격가취소되며향후응시자격제한등불이익을받을수있음상기일정은상황에따라변경될수있으며입사후배치직무및지역또한회사의사정에의해개인과협의후변경될수있음기타자세한사항은롯데채용홈페이지계열사FAQ확인및QA를통해추가문의하여주시기바랍니다문의하기canonrecruitkrcanon,https://www.saramin.co.kr/zf_user/jobs/relay/view-detail?rec_idx=44373058&location=ts&searchword=%EB%8D%B0%EC%9D%B4%ED%84%B0+%EC%97%94%EC%A7%80%EB%8B%88%EC%96%B4&searchType=search&paid_fl=n&search_uuid=1a61d1ba-9b9d-4fff-be6c-3814875d9583&rec_seq=0&t_category=relay_view&t_content=view_detail&t_ref=&t_ref_content=,캐논코리아주식회사
26,각부문경력계약직채용,채용직무계약직부문분야신입경력마감일바로가기국내사업서비스센터고객안내요원대전외8곳계약직20221114국내사업시간선택제드라이빙센터매니저고양계약직20221115안전환경공사안전관리계약직계약직20221121경영지원교육기획운영계약직계약직20221122직무에따라담당업무및지원자격채용일정이상이하오니자세한내용은채용홈페이지careerkiacom내공고문을확인해주시기바랍니다경력부문분야신입경력마감일바로가기품질상품성개선차평가개선경력20221114품질시장품질조사및개선경력20221114구매전지전자부품개발경력20221120구매자율주행부품개발경력20221120구매인포테인먼트부품개발경력20221120구매차량용소프트웨어구매경력20221120구매샤시부품구매연료및현가조향제동시스템등경력20221120구매전기구동부품구매구동모터인버터충전기반도체등경력20221120ICTSolutionArchitectERPPP모듈사양관리오더관리경력채용시까지CDO차량데이터서비스기획경력채용시까지CDODataScientist전기차데이터분석모델개발경력채용시까지CDODataScientist비전및3D데이터분석모델개발경력채용시까지ICT차량사이버보안경력채용시까지CDOInfraEngineering경력채용시까지CDODataEngineering경력채용시까지CDO고객차량데이터서비스기획DataServicePlanner경력채용시까지CDOBackendEngineer커머스플랫폼경력채용시까지CDOFrontendEngineer커머스플랫폼경력채용시까지ICTIT서비스기획경력채용시까지ICTIT서비스디자인GUIDesign경력채용시까지직무에따라담당업무및지원자격채용일정이상이하오니자세한내용은채용홈페이지careerkiacom내공고문을확인해주시기바랍니다기타입사지원서의내용이사실과다른경우합격이취소됩니다지원서접수마감일에는과도한접속으로인하여지원서제출이원활하지않을수있으니미리제출해주시기바랍니다국가보훈취업지원대상자는관련법령에의거하여우대합니다채용관련문의는채용홈페이지채용TALKFAQ11문의하기를이용바랍니다,https://www.saramin.co.kr/zf_user/jobs/relay/view-detail?rec_idx=39666830&location=ts&searchword=%EB%8D%B0%EC%9D%B4%ED%84%B0+%EC%97%94%EC%A7%80%EB%8B%88%EC%96%B4&searchType=search&paid_fl=n&search_uuid=1a61d1ba-9b9d-4fff-be6c-3814875d9583&rec_seq=0&t_category=relay_view&t_content=view_detail&t_ref=&t_ref_content=,기아주
27,현대모비스각부문별신입경력채용,모집부문신입모집단위지원하기전장BU22년하반기신입채용20221101화120020221113일2359지원하기모듈BU22년하반기신입채용연구직20221028금080020221109수1700지원하기반도체사업담당22년하반기신입채용인사교육20221027목100020221107월1500지원하기전동화BU22년하반기신입채용품질SW20221027목150020221109수2359지원하기품질부문22년하반기신입채용상시20221101화150020221115화1700지원하기모집부문경력모집단위지원하기품질부문22년하반기경력채용상시20221101화150020221115화1700지원하기모듈BU22년하반기경력채용연구직SW20221031월100020221114월0800지원하기기획부문22년하반기경력채용사업기획20221028금170020221113일2359지원하기반도체사업담당22년하반기경력채용관리직20221028금100020221107월2359지원하기전동화BU22년하반기경력채용품질SW20221027목150020221109수2359지원하기생산개발부문22년하반기경력채용생산기술20221026수140020221102수2359지원하기전장BU22년하반기경력채용사이버보안차량보안상시20221021금170020221231토2359지원하기전장BU22년하반기경력채용연구직20221021금180020221107월2359지원하기전장BU22년하반기경력채용연구직SW20221021금180020221107월2359지원하기,https://www.saramin.co.kr/zf_user/jobs/relay/view-detail?rec_idx=44324479&location=ts&searchword=%EB%8D%B0%EC%9D%B4%ED%84%B0+%EC%97%94%EC%A7%80%EB%8B%88%EC%96%B4&searchType=search&paid_fl=n&search_uuid=1a61d1ba-9b9d-4fff-be6c-3814875d9583&rec_seq=0&t_category=relay_view&t_content=view_detail&t_ref=&t_ref_content=,현대모비스주
28,주한화모멘텀22년채용전제형인턴모집,인턴직정규직전환가능경력기획전략직무직업경영기획기획전략직무직업사업기획기획전략직무직업인사기획기획전략직무직업전략기획기획전략직무직업PM프로젝트매니저기획전략전문분야경영관리기획전략전문분야경영분석기획전략전문분야경영컨설팅기획전략전문분야사업개발기획전략전문분야조직관리인사노무HRD직무직업인사인사노무HRD담당분야인력관리인사노무HRD담당분야인사교육인사노무HRD담당분야인사기획인사노무HRD담당분야인사행정인사노무HRD담당분야조직문화인사노무HRD담당분야평가보상IT개발데이터직무직업기술지원IT개발데이터직무직업SE시스템엔지니어IT개발데이터직무직업SI개발IT개발데이터전문분야HWIT개발데이터전문분야SWIT개발데이터기술스택CIT개발데이터기술스택CIT개발데이터기술스택MFCIT개발데이터기술스택MSSQLIT개발데이터기술스택VisualBasicIT개발데이터기술스택VisualCC생산직무직업공정관리생산직무직업공정설계생산직무직업공정엔지니어생산직무직업기계설계생산직무직업기계조작원생산직무직업기구설계생산직무직업기술엔지니어생산직무직업반도체설계생산직무직업생산관리생산직무직업자동제어생산직무직업장비설계생산직무직업장비제어생산직무직업전기설계생산직무직업전기제어생산직무직업전자제어생산직무직업전장설계생산직무직업품질관리생산전문분야계측제어생산전문분야도면해독생산전문분야반도체생산전문분야품질보증생산전문분야품질분석생산전문분야AutoCAD생산전문분야CAD생산전문분야MEMS생산전문분야2D설계생산전문분야3D설계생산작업도구CAM생산작업도구PLC건설건축직무직업가스기능사건설건축직무직업안전관리자건설건축직무직업2D설계건설건축직무직업3D설계건설건축전문분야가스설비건설건축전문분야자동제어건설건축전문분야전기제어건설건축전문분야AutoCAD건설건축작업도구CAD연구RD직무직업연구원연구RD직무직업인증심사원연구RD직무직업RD연구RD직무직업RD기획연구RD전문분야기술연구연구RD전문분야신소재,https://www.saramin.co.kr/zf_user/jobs/relay/view-detail?rec_idx=44257159&location=ts&searchword=%EB%8D%B0%EC%9D%B4%ED%84%B0+%EC%97%94%EC%A7%80%EB%8B%88%EC%96%B4&searchType=search&paid_fl=n&search_uuid=1a61d1ba-9b9d-4fff-be6c-3814875d9583&rec_seq=0&t_category=relay_view&t_content=view_detail&t_ref=&t_ref_content=,주한화
29,2022년에스엘하반기신입경력사원공개채용,모집부문및자격요건신입사원구분관련전공주요업무및우대내용모집지역분류직무관리IT컴퓨터정보통신보안등MES개발운영CSWEB프로그램개발운영PDA프로그램개발운영IoT기술개발각종하드웨어연동프로그래밍SAPPP모듈개발프로세스설계ABAP개발등정보보안시스템개발보안정책개선감사인증대응인프라시스템기획및운영PLMPDMALM시스템신규개발및운영WEB프로그래밍등빅데이터머신러닝기반RD예측모델개발등CJAVAJSPVBNetASPNet프로그래밍OracleDB핸들링모바일프로그래밍ABAP프로그래밍SAPPP모듈운영RDBMSSQL개발APSAdvancedplanningandschedulingPython개발경험자우대대구경산영업경영회계경제무역전기전자기계산업메카트로닉스등국내영업해외영업원가관리등수주영업활동선행영업활동수주전략수립수익성관리등능동적적극적성향으로책임감과센스보유자우대시장환경에대한분석력및전략적사고력보유자우대대구경산울산회계회계경영경제무역상경계열등재무회계재무전략자금계획수립및자금조달운영관리해외계열사자금수지분석관리모니터링별도연결재무제표관리매입지불및자산관리법인세신고및세무관리관리회계경영계획수립분석월손익및수익성관리신규차종수익성분석원가회계국내외원가표준관리수익분석원가시스템관리고객사원가표준대응회계세무재무또는금융관련자격증소지자우대대구경산경기안산울산총무경영경제무역상경계열등총무일반비품관리행사관리시설관리공장인사노무관리지원등정보보안심사대응및기타심사업무커뮤니케이션역량우수자우대대구경산충남천안울산제조개발전기전자기계자동차산업공학반도체등국내신차종개발일정고객자체EO목표원가기반수익성관리고객대응및예상RISK관리해외지원Data기반해외공장지원OEE조업도공정불량재고생산성분석등해외사별우수사례수평전개실적관리등대구경산충남천안경기시흥울산구매자재전기전자기계자동차반도체상경계열등신규협력사등록적격성평가협력사품질시스템QMSSQBIQS등평가레벨업협력사관리정기평가금형관리SQ관리4M변경관리APQP프로세스외주개발시스템관리자동차부품구매업체선정가격결정협력사관리등품질시스템평가관련자격증소지자우대대구경산충남천안경기안산경기시흥생산전기전자기계자동차메카트로닉스로봇등생산계획수립및재고관리중장기생산계획수립생산실적관리공정마스터관리등4M제조공정관리및운용공정개선인원안전관리품질생산성향상공정분석개선활동리드타임단축활동등판매관리WMS마감품목마스터관리순서생산관리OHSAS18001관리등SAP사용경험PLC활용운용경험자우대대구경산충남천안충남서산경기안산경기시흥생산기술전기전자기계자동차산업컴퓨터재료등제조분야양산관리CAPA분석투자계획수립공정별기술표준관리원가절감신차개발관리공정설계신공법등신기술확보APQP관리등설비보전설비보수및수리표준프로세스관리등개발차종금형내작개발금형DATA검토사출TO대응등양산공정대응양산금형관리양산사출기관리사출CAPA분석등프로그래밍언어활용가능자우대CATIACAD등2D3D모델링Tool사용가능자우대연구분야사출표면공정관련신기술신공법개발양산기술개선및표준화품질문제기술지원램프및주광모듈양산조립공정3D설계프론트로딩구조및양산DE제품구조분석및공정설계PLA제어및SW프로그램설계양산라인원가분석관리CATIACAD등2D3D모델링Tool사용가능자우대대구경산충남천안경기안산경기시흥울산품질전기전자기계자동차산업공학등양산품질공정품질관리신차양산품질관리품질보증APQP기반신차개발고객사품질대응및변경품승인관리필드클레임관리등전기전자관련전공전자회로이해도우수자우대품질경영기사6시그마등품질관련자격증보유자우대품질보증진단개발단계품질진단신차종도면제품평가공정평가국내외협력사품질평가개선지원전자분야설계공정불량예측활동FMEACATIACAD등2D3D모델링Tool사용가능자우대대구경산충남천안충남서산경기안산경기시흥울산연구개발기구설계기계자동차전기전자광학반도체재료금형등제품설계램프전동화미러FEM배터리등모델링검증수행CATIA기반단품3D2D설계신뢰성내열진동등검증및개선고객대응협업활동및기술문서관리신컨셉관련선행기술개발금형설계양산금형신작수정설계신구조금형개발금형표준화제품금형구조검토등설계품질관리고장영향분석DFMEA및설계특별특성SCCAF관리시작개발프로젝트관리고객관리및대응시작품검증양산품질조기확보DATA검증을통한문제점개선CATIA활용시작금형및목업품개발CATIAUGCAD등2D3D모델링Tool사용가능자우대자동차개발프로세스FMEAGDT등관련지식보유자우대Triz및LSS교육이수자우대대구경산경기안양울산광학설계광학기계자동차전기전자물리로봇반도체메카트로닉스등양산부문개발차종램프류조명결상광학계설계광학계모델링CATIA및배광해석배광법규노면성능점등비점등이미지최적화국내외램프벤치마킹램프광학계트렌드및신기술개발차종문제점분석원인검증개선안검토선행부문램프류신기술신기능개발고객요구사항만족기반광학계검토설계양산성검토및이관계획수립조명결상등광학기본이론을갖춘전공자우대학석사공통부문광학설계Tool사용가능자우대SPEOSLightToolsCodeZemaxLucidShape등CATIA등3D모델링Tool사용가능자우대대구경산광해석컴퓨터광학물리기계등광해석시스템개발광학시스템의반사면렌즈자동설계프로그램개발배광분포점등비점등이미지해석프로그램개발배광점등비점등성능평가프로그램개발램프점등비점등시뮬레이션및분석광해석에필요한광원및투과반사특성DB구축CCC프로그래밍언어활용가능자우대광학전공자및프로그래밍우수자우대광학해석Tool사용가능자우대SPEOSLucidShape등대구경산SW설계컴퓨터전기전자전산정보통신제어계측등SW설계MCUApplicationSW설계차량용통신CANLIN등SPII2C등통신프로토콜및차량용진단제품요구사항분석후SW아키텍쳐설계SW설계서에따른SW단위기능모듈개발SW단위기능테스트및디버깅노이즈필터링안정화를위한알고리즘개발MCUBSPSW설계전장품SW통합검증시스템기능사양검증및분석고객요구사항분석및사양이해시스템사양서기반TESTCASE도출시스템TEST방법도출및환경구현시스템TEST및TEST결과분석PM시스템설계시스템설계및프로젝트관리자동차개발프로세스기반기반업무수행고객요구사항분석및사양협의설계실차검증및필드불량분석대응기능안전SW설계ASPICE품질감사QACyberSecuritySW코칭CyberSecuritySW요구사항설계코칭기능안전ASPICECyberSecurity통합프로세스구축및개정프로세스수립수행및산출물감사활동프로세스산출물템플릿및가이드작성알고리즘개발카메라영상기반알고리즘개발신호처리카메라공차보정카메라보정오염감지이미지스티칭카메라공차보정등탑승자바이오헬스정보추출카메라신호처리기반바이오헬스정보추출우대사항CCJAVAJavaScriptMatlabSimulinkAUTOSARPython기반프로그래밍활용임베디드SW개발및구현경험자우대BSP개발포함디지털신호처리영상처리관련경험자우대배터리및전자물성관련지식보유자우대배터리관련SW설계경험자우대기능안전ASPICECyberSecurity프로세스이해AUTOSAR플랫폼설계및구현경험자우대차량통신CANLIN및Ethernet경험자우대자동차개발프로세스관련지식보유자우대ISO26262ASPICECyberSecurity대구경산경기안양HW설계전기전자컴퓨터영상정보통신등회로설계및PCB설계검증테스트분석고객대응등HW부품협력사개발관리및글로벌고객사수주대응요구사항정의분석사양정의설계DE및도면승인등HW검증기능안전HW테스트및HW검증시스템전력전자회로의HW설계검증MCU급시스템전자회로의HW설계검증CANLINSPI통신제어및CANoe등도구활용ISO26262기능안전HW설계검증NIPXI및LAVBIEWPYTHON운영전자회로및PCB설계등HW설계경험자우대디지털시스템카메라HW설계검증경험자우대회로설계Tool사용가능자우대AllegroPADS등DCDC컨버터설계경험자우대대구경산경기안양시험해석전자전기기계금속재료동역학구조열유체광학컴퓨터자동차메카트로닉스등구조열유체해석제품별강성강도해석및개선안도출전동기전자기장진동소음연성해석CFDSW를활용한열유체해석내열방열헤이즈습기등해석vs평가일치성정합성확보모터진동소음회전체진동소음관련전공자우대해석SWTool활용가능자우대FluentStarCCMFLOEFD등선행해석시험해석데이터분석을통한인사이트도출적재분석알고리즘시각화개발등빅데이터분석AI알고리즘모델링등머신러닝딥러닝기반모형개발데이터분석언어사용가능자우대RPythonSQL등빅데이터인공지능관련전공자혹은역량보유자우대AIML통계컴퓨터공학석사학위보유자우대시험평가배광노면성능평가광원성능측정신제품신기술평가SPEC개발설계기준관리ISO26262ASPICE프로세스관련SystemVehicle평가1설계요구사양서기준TestCase도출2HILs를활용한System검증및Vehicle검증3NI사dSpace사평가용SW툴활용LabViewDIAEMMatlabSW경험자우대ISTQB자격증소지자우대재료개발시험재료물성검증및규격관리1고분자및금속재료신뢰성검증2신규재료개발관련정밀분석및평가3재료물성규격제정개정관리제품재료고장분석1필드발생고품의고장원인분석2분석기술개발및SEMGCMS등분석기기활용대구경산기술기획전기전자기계자동차산업공학경영등연구소전략및기술로드맵수립중장기전략중점활동KPI리소스관리교육아웃소싱업체운영등기술트렌드조사및분석신기술로드맵수립및관리선행프로젝트관리환경분석시장경쟁사기술동향등MSOffice활용우수자우대대구경산특허전기전자기계자동차재료법학경영등특허정보조사및특허분석국내외특허DB를이용한선행특허조사국내외특허상세분석및유권해석특허출원및심사대응특허출원검토및명세서관리특허청거절이유분석및의견대응IPAT지적재산능력시험우수자우대대구경산경력사원분류세부분야관리IT영업총무회계제조개발구매자재생산생산기술품질연구개발기구설계SW설계HW설계시험해석광해석특허경력분야별자세한내용은세부채용공고문을확인바랍니다세부채용공고문지원자의역량이타부문에더적합하다고판단되는경우에지원분야및근무지가변경될수있습니다당사는재택근무원격근무등유연근무제실시하고있습니다희망하는모집지역이없더라도최종합격시근무형태에대해선협의가능합니다지원자격신입국내외정규대학4년제학사기졸업자및23년2월졸업예정자졸업예정자의경우23년1월부터근무에지장이없는자박사학위소지자의경우경력으로지원공인외국어성적보유자단유효기간내의성적만인정되며해외대학졸업자는성적제출면제경력학사학위이상소지자단기구설계직무는전문학사지원가능해당분야경력3년이상3년미만자는신입으로지원직무유관성이있는박사학위의경우경력사항으로인정공통병의무를필한자또는면제된자해외여행에결격사유가없는자우대사항외국어능력우수자영어중국어독일어포르투갈어등지원분야관련자격증소지자국가유공자등예우및지원에관한법률에의한취업지원대상자장애인고용촉진및직업재활법에의한장애인채용일정신입경력서류접수2022년10월31일월11월13일일자정까지접수방법당사채용사이트slworldrecruitercokr를통한온라인접수서류전형합격자발표11월당사채용사이트확인및개별문자안내면접전형22년12월입사예정23년23월상기전형절차및일정은회사사정에따라변경될수있습니다기타주의사항모집분야모집지역을반드시확인후지원해주시기바랍니다중복지원불가입사지원서의기재착오및누락연락불가등으로인한불이익은책임지지않습니다입사지원서내용이사실과다르거나허위임이판명될경우합격이취소되거나전형상의불이익을받을수있습니다서류접수마감일에는지원자가대거몰려입사지원이어려울수있으니접수기간을확인하시어사전제출하시기바랍니다채용과정내제출된서류는반환청구하실수있습니다단온라인전자메일로제출된경우나회사의요구없이자발적으로제출한경우는제외됩니다신입사원의경우최종합격후신입사원연수및수습기간에연수근무평가가불량하거나업무능력이현저히부족하다고판단될경우합격채용이취소될수있습니다기타문의는채용포털FAQ또는QA게시판을이용바랍니다,https://www.saramin.co.kr/zf_user/jobs/relay/view-detail?rec_idx=44287351&location=ts&searchword=%EB%8D%B0%EC%9D%B4%ED%84%B0+%EC%97%94%EC%A7%80%EB%8B%88%EC%96%B4&searchType=search&paid_fl=n&search_uuid=1a61d1ba-9b9d-4fff-be6c-3814875d9583&rec_seq=0&t_category=relay_view&t_content=view_detail&t_ref=&t_ref_content=,에스엘주
30,2022년11월국내및해외전부문수시채용,주엔켐2022년11월국내및해외전부문수시채용엔켐은2012년에설립되어2021년11월에코스닥시장에상장한주식회사입니다2021년매출액2143억달성2022년5800억이상매출액달성을목표로쾌속성장중인전기차용배터리전해액생산전문기업입니다국내에는본사인충북제천공장과천안공장이가동중이며2020년폴란드공장가동을시작으로중국법인미국공장헝가리공장건설중등등세계곳곳에생산거점을만들고가동하고있습니다전세계TOP배터리회사인SK온과LG에너지솔루션의1차협력회사로서안정적인성장을이어가고있는국내배터리전해액생산1위그리고전세계4위의전해액제조업체입니다엔켐과함께전세계배터리전해액시장을이끌어나갈역량있는여러분의많은지원을기다리고있습니다소개모집부문국내관리직모집부문우대사항영어가능자해외출장가능자해외출장에결격사유가없는자보훈및장애인등취업보호대상자는관계법령에의거우대지원부문담당업무모집유형자격요건인원근무지공시사업보고서등공시업무정기수시공시수행주식관련업무및보고서작성등경력과장급자격및필수사항학력대졸이상학사학과경영회계세무등관련학과전공자경력8년이상1IR공시업무경험자2출장가능자0명천안재무국내IFRS자금업무내부회계운용지원재무회계업무전반경력대리차장자격및필수사항학력대졸이상학사학과경영회계세무등관련학과전공자경력5년이상1국내상장사제조회사경력자0명천안경영관리경영계획경영전략수립및모니터링대표이사주제회의체운영및관리투자기획및관리경력대리차장자격및필수사항학력대졸이상4년학과전공무관경력5년이상대리차장1경영관리기획업무경험자2대관업무경험자0명천안해외운영한국본사와해외법인간의소통업무해외법인운영지침보강및업무지원본사해외법인간회의체운영Global시장조사기타해외사업본부장수명업무경력대리차장자격및필수사항학력대졸이상4년학과전공무관경력5년이상대리차장1해외법인근무경험자2문서정리및문서작성능력우수자3해외출장가능자미국폴란드헝가리0명천안국내영업2차전지전해액B2B영업활동고객사관리국내신규거래처영업경력대리차장자격및필수사항학력대졸이상4년학과경상화공신소재전자계열우대경력5년이상대리차장LG에너지솔루션SK온삼성SDI2차전지및소재전자부품신소재액상케미컬등영업경험0명천안해외영업2차전지전해액B2B영업활동고객사관리미주유럽신규거래처영업경력대리차장자격및필수사항학력대졸이상4년학과경상화공신소재전자계열우대경력5년이상대리차장LG에너지솔루션SK온삼성SDI2차전지및소재전자부품신소재액상케미컬등영업경험1비즈니스영어가능자0명천안영업기획및마케팅영업기획및마케팅업무전반경력대리차장자격및필수사항학력대졸이상4년학과경상화공신소재전자계열우대경력5년이상대리차장제조업2차전지및소재업체영업관리마케팅경험자0명천안신규사업CNT분산액개발안전성평가및설비구축전지인증업경력대리차장자격및필수사항학력대졸이상4년학과경상화공신소재전자계열우대경력5년이상대리차장제조업2차전지및소재업체영업관리마케팅경험자0명천안기술연구소전해액조성설계및개발전해액첨가제개발및선정고객사TechnicalService대응선행기술특허눈문조사및분석경력대리차장자격및필수사항학력대졸이상4년학과재료화공응용화학물리경력5년이상대리차장1잉크업체및도전제업체CNT분산액경험2전지인증CellModulePack업무경험자3영어가능자0명천안품질경영품질관리QC품질보증QA업무전반품질분석기기관리고객사및협력사AUDIT대응품질CS업무해외법인품질요구대응경력대리차장자격및필수사항학력대졸이상4년학과화공신소재등관련학과우대경력5년이상대리차장1화학자동차업종품질관리근무경험2중국어가능자3해외출장가능자0명천안인프라지원공정설계시공국내해외전해액공장설계및관리공정설비설계및시공시운전업무직무설명전해액생산설비를활용하여목적에맞도록공사의계획관리시공과시운전등을효율적으로수행경력대리차장자격및필수사항학력초대졸이상학과전공무관경력5년이상대리차장1PID계산가능자2CAD설계가능자3해외출장가능자0명천안인프라지원배관설계시공국내해외공장배관설계배관설계도면에맞게배관시공업무직무설명전해액생산공정흐름검토설계기준정립설계계획수립공정흐름도작성계측제어설계용공정데이터결정과입력위험성평가경력대리차장자격및필수사항학력초대졸이상학과전공무관경력5년이상대리차장1해외출장가능자2화학공정및화학반응지식보유자3설비운전관련지식보유자4PID계산가능자0명천안제조기술전해액공정설비유지관리전해액생산공정프로세스개선CNP분산액개발및안정성평가설비구축전지인증업무선분산제절연코팅액제조유경험자이차전지Salt첨가제LiPF6등제조유경험자경력대리차장자격및필수사항학력초대졸이상2년학과화공기계전기신소재계열우대경력5년이상대리차장1잉크업체및도전제업체CNT분산액경험자2기계설비유지보수경험3전지인증CellModulePack업무경험자4해외출장가능자0명천안생산관리생산관리업무전반SCM및GlobalSCM업무경력대리차장자격및필수사항학력대졸이상4년학과화공신소재전자계열우대경력5년이상대리차장1화학제조업생산관리경험2열정끈기도전꼼꼼한성향의업무주도완결형인재0명천안물류파트폴란드공장물류SETUP차량배차관리원재료및제품의LOT관리물류창고LAYOUT설정MES및ERP전산관리제품재고관리및납품스케줄수립경력대리과장자격및필수사항학력고등학교졸업이상학과경영무역화학공학등관련전공자경력5년이상1지게차운전자격증보유자2폴란드출장가능자0명천안폴란드구매원자재부자재구매시장조사및협력업체관리구매마감업무구매기획업무경력대리과장자격및필수사항학력대졸이상4년학과경상무역화공계열우대경력5년이상1소재염첨가제용매구매경력2중국어가능자원자재업무의경우중국어원어민수준인자0명천안환경안전산업안전보건업무유해화학물질PSM업무안전보건경영시스템ISO45001업무대관업무경력대리과장자격및필수사항학력초대졸이상2년학과화공환경공학산업경영계열우대경력5년이상1제조업환경안전업무경력자2PSM인증단독수행가능자우대0명제천국내생산직모집부문지원부문담당업무모집유형자격요건인원근무지생산직천안이차전지용전해액생산2조2교대전해액용기세정주간근무경력무관사원급여형태시급제시급9600원자격학력고졸이상근무시간주간08002000잔업25시간포함야간20000800잔업25시간포함00명천안생산직제천이차전지용전해액생산주간근무전해액용기세정주간근무경력무관사원급여형태시급제시급9600원자격학력고졸이상근무시간주간08002000잔업25시간포함00명제천생산직품질분석전해액원료입고품질검사전해액공정품질검사전해액완제품출고품질검사전해액품질분석기기취급경력무관사원급여형태시급제시급9600원자격학력고졸이상근무시간주간08002000잔업25시간포함야간20000800잔업25시간포함00명천안해외법인모집부문우대사항영어또는외국어중국어폴란드어헝가리어가능자해외현지근무가능자해외출장에결격사유가없는자보훈및장애인등취업보호대상자는관계법령에의거우대지원부문담당업무모집유형자격요건인원근무지헝가리법인재무헝가리법인결산헝가리법인내부회계운용지원헝가리법인재무회계업무전반경력주임이상자격및필수사항학력고등학교졸업이상학과전공무관경력2년이상1비즈니스영어가능자0명헝가리코마롬헝가리법인구매헝가리법인구매조달계획업무구매요청오더업무공급사관리제공업무경력주임이상자격및필수사항학력고등학교졸업이상학과전공무관경력2년이상1비즈니스영어가능자0명헝가리코마롬폴란드법인구매폴란드법인구매조달계획업무구매요청오더업무공급사관리제공업무경력주임이상자격및필수사항학력고등학교졸업이상학과전공무관경력2년이상1비즈니스영어가능자0명폴란드브로츠와프근무조건근무지역천안공장충남천안시동남구풍세면풍세산단5로17제천공장충북제천시바이오밸리로107근무요일월요일금요일08001700급여회사내규에따름경력자별도협의복리후생4대보험국민연금건강보험고용보험산재보험급여제도연봉제퇴직연금의복관련근무복제공생활편의지원조중석야식제공능력개발지원온오프라인사외교육지원사내멘토링제도운영경조사지원경조금경조휴가제교통지원통근버스운행천안시내자기개발비지원자기개발비용지원동호회지원동호회지원및장려주거지원기숙사지원천안아산외거주자초기정착지원금지원천안아산외거주자전형절차1차서류전형2차면접전형서류합격자에한하여개별통보3차최종합격2차면접합격자에한하여개별통보제출서류필수이력서자기소개서경력기술서경력지원자입사시구비서류는최종합격자에게개별통보이력서제출시필수서류외에제출하지마세요입사지원서류에허위사실이발견될경우채용확정이후라도채용이취소될수있습니다면접장소개별안내제천공장혹은천안공장채용서류의반환등에대한안내본고지는채용절차의공정화에관한법률제11조채용서류의반환등제6항에따른것입니다당사채용에지원한구직자중최종합격이되지못한구직자는본법률에따라제출한채용서류의반환을청구할수있음을알려드립니다다만홈페이지또는전자우편으로제출된경우나구직자가당사의요구없이자발적으로제출한경우에는그러하지아니하며천재지변이나그밖에당사에게책임없는사유로채용서류가멸실된경우에는반환한것으로봅니다위1항의내용에따라채용서류반환청구를하는구직자는채용서류반환청구서채용절차의공정화에관한법률시행규칙별지제3호서식을작성하여당사이메일로제출해주시면제출이확인된날로부터14일이내에지정한주소지로등기우편을통해발송해드립니다단등기우편요금은수신자부담당사는위2항내용에따른구직자의반환청구에대비하여채용여부가확정된날로부터180일간구직자가제출한채용서류원본을보관하며그때까지채용서류의반환을청구하지아니할경우에는개인정보보호법에따라지체없이채용서류일체를파기할예정입니다접수기간및방법접수기간2022년11월30일마감합격자에한하여개별통보접수방법사람인온라인지원을통한접수만가능이메일우편팩스방문등의지원은접수하지않습니다문의사항엔켐인사지원파트0415689474주소충남천안시동남구풍세면풍세산단5로17엔켐,https://www.saramin.co.kr/zf_user/jobs/relay/view-detail?rec_idx=44312134&location=ts&searchword=%EB%8D%B0%EC%9D%B4%ED%84%B0+%EC%97%94%EC%A7%80%EB%8B%88%EC%96%B4&searchType=search&paid_fl=n&search_uuid=1a61d1ba-9b9d-4fff-be6c-3814875d9583&rec_seq=0&t_category=relay_view&t_content=view_detail&t_ref=&t_ref_content=,주엔켐
31,각부문신입및경력모집,회사소개바로가기모집부문및자격요건영업부문모집부문업무내용경력자격요건및우대사항근무지영업관리백화점백화점매출관리및매출분석백화점바이어영업관리백화점홍보행사협의매장별재고환경관리상권분석및시장조사4년8년자격요건백화점채널관리및오프라인매장관리경험이있는자뛰어난대인관계커뮤니케이션능력의소유자비즈니스센스소유자서울특별시영업관리위탁점로드샵위탁점매출관리및매출분석상권분석및시장조사신규매장개설경쟁사분석매장환경관리4년8년자격요건오프라인매장관리경험이있는자뛰어난대인관계와커뮤니케이션능력소유자비즈니스센스소유자서울특별시영업지원OperationSpecialistRetailChannel직영매장에대한지원및관리비즈니스분석을통해적합한오퍼레이션업무제공채널매장의세일즈및퍼포먼스분석2년6년자격요건MSOffice활용우수자긍정적이고밝은성격을가진자꼼꼼하고끈기있는성격을가진자다양한상황에빠르게대처할수있는자뛰어난대인관계와커뮤니케이션능력의소유자서울특별시온라인홈쇼핑MD입점몰영업및매출관리모바일라이브기획및진행프로모션기획및노출구좌관리홈쇼핑방송운영및매출관리3년7년자격요건4년제대졸우대사항브랜드벤더사경력자종합몰홈쇼핑경력자해외커머스경력자서울특별시슬립마스터브랜드를대표하여매장에서고객에게최상의브랜드경험을제공하고브랜드가치를증진시키는업무1년10년자격요건뛰어난커뮤니케이션능력과고객중심의서비스마인드를가진자뚜렷한목표의식을바탕으로세일즈를주도해나갈수있는자라이프스타일에대해관심과열정이있는자서비스및리테일분야경력자우대순환근무가가능한자서울특별시경기도용인경기도수원경기도평택경기도광명경기도하남경기도고양경기도김포대전광역시세종특별시광주광역시부산광역시울산광역시생산물류부문모집부문업무내용경력자격요건및우대사항근무지안전보건기획팀장급중대재해처벌법대응체계구축및대응안전보건환경관리체계구축및실행계획수립안전보건환경관계법령요구사항확인및의무이행조치관련교육및실시점검부적합시정조치10년자격요건4년제대졸우대사항관련자격증소지자산업안전기사산업기사산업위생관리기사유해화학물질관리자선임가능자격등관련학과전공자산업안전산업위생환경공학등제조업사업장실무경력자경기도이천안전보건기획중대재해처벌법대응체계구축및대응안전보건환경관리체계구축및실행계획수립안전보건환경관계법령요구사항확인및의무이행조치관련교육및실시점검부적합시정조치5년자격요건4년제대졸우대사항관련자격증소지자산업안전기사산업기사산업위생관리기사유해화학물질관리자선임가능자격등관련학과전공자산업안전산업위생환경공학등제조업사업장실무경력자경기도이천안전보건환경팀장급안전보건안전보건경영시스템운영안전보건관련매뉴얼규정등제개정안전경영계획수립이행법규이행진단Risk예방및대응활동등산업안전보건위원회협의체운영등환경화학물질대기폐기물등인허가관리및법규리스크관리대응환경관련법적선임관리및관공서대응등10년자격요건4년제대졸안전관리자선임가능자산업안전기사산업기사우대사항산업안전관련학과전공자제조업사업장실무경력자안전보건경영시스템환경경영시스템구축및유지관리경험자ISO45001ISO14001경기도이천안전관리위험성평가운영안수립개선사업장안전교육수립및실시작업환경측정개선근골격계유해요인조사관리사업장순회점검지도조치산업안전보건위원회관련업무산업재해관리및예방안전사고대응체계구축7년10년자격요건4년제대졸안전관리자선임가능자산업안전기사산업기사우대사항산업안전관련학과전공자제조업사업장실무경력자안전보건경영시스템구축및유지관리경험자ISO45001경기도이천시설관리기계설비유지관리보일러시설공조기패키지에어컨등3년7년자격요건관련자격증소지자에너지관리기사공조기냉동기계기사또는건설기술인중급경기도이천가구양산설계가정용가구도면설계및개발도면관리가구원가계산및검토양산을위한생산업체소통및관리3년자격요건4년제대졸원자재사양관련지식보유자AutoCAD활용가능자우대사항2D3D그래픽작업툴활용가능자illustratorPhotoshopsketchupKeyshot근무지는서울이천중후보자거주상황감안하여배치예정서울특별시경기도이천고객지원부문모집부문업무내용경력자격요건및우대사항근무지AS기사AS상담처리및고객서비스프리미엄제품배송및설치제품교체수리및반출입등록제품설치및해체신입10년자격요건서비스마인드가뛰어난자뛰어난대인관계와커뮤니케이션능력소유자1종보통운전면허소지자경기도이천콜센터상담사상담업무인바운드대표번호인입콜상담아웃바운드업무폰홈페이지어드민홈쇼핑해피콜등문의고객상담업무신입자격요건긍정적이고밝은성격을가진자책임감이강하고성실한자CS마인드가우수한자우대사항콜센터근무경력자경기도이천근무가능자경기도이천브랜드전략부문모집부문업무내용경력자격요건및우대사항근무지마케팅과차장급마케팅전반에대한Generalist콘텐츠마케팅디지털마케팅오프라인마케팅8년12년자격요건4년제대졸우대사항매거진또는대행사홍보디지털광고등근무경험자서울특별시디지털PR자사채널컨텐츠관리블로그커뮤니티블로거커뮤니티바이럴진행데일리온라인모니터링관리및대응SADA온라인광고기획5년10년자격요건4년제대졸우대사항디지털대행사또는랩사경험자GAGoogleAnalytics활용가능자서울특별시언론홍보언론홍보일간지온라인뉴스매체대상언론홍보보도자료애드버토리얼등기사작성및피칭아이템개발퍼블리시티플랜수립및진행관리리스크관리브랜드홍보대내외브랜드콘텐츠가이드라인구축및관리대내외행사기획및지원기업CSR업무진행홍보관련대행사관리기타PR업무지원7년12년자격요건4년제대졸빠른적응력과업무에대하여유연한마인드를가진자긍정적이고밝은성격을가진자우대사항종합홍보대행사경험자소비재브랜드관련언론홍보경험자서울특별시가구제품디자이너침실및주거공간아이템기획및디자인침대프레임룸세트소파소품가구등케노샤퍼니처라인제품기획포함다이닝룸거실가구기획및디자인설계리빙소품기획및디자인제품수명주기관리ProductLifeCycle및수요예측각종라이프스타일제품사입및디자인3년10년자격요건가구및제품디자인인테리어관련전공자AUTOCAD사용가능자3D관련프로그램사용가능자라이노스케치업3D맥스등포토샵혹은일러스트활용능력이뛰어난자가구및인테리어등라이프스타일분야를포함하여다양한마케팅사례에도관심이많은자운전면허소유자포트폴리오첨부필수서울특별시매장인테리어설계시공감리매장인테리어제안서작성기본설계집기디자인신규자재검토브랜드매뉴얼백화점디자인컨펌시공감리설계공정현장협력사관리인테리어시공단가견적및공사비검토유관부서응대및지원1년10년자격요건지방출장가능자운전가능자우대사항브랜드의니즈와업무파악등이해도가높은자회사내유관부서및협력사간원활한커뮤니케이션가능자관련프로그램활용가능자CAD포토샵일러스트3D프로그램엑셀오피스여러프로젝트발생시대응센스가좋은자능동적이고책임감이강하고센스있는자스케치가능한자실내건축인테리어산업디자인등관련학과졸업자서울특별시머천다이저패브릭담당계약직1년침구류및라이프스타일관련아이템기획및디자인케노샤홈베딩홈인테리어전반에걸친상품디자인텍스타일디자인신규상품운영상품컨텐츠기획제품수명주기관리및수요예측상품소싱수입국내3년10년자격요건섬유디자인관련전공자동종업계3년이상경력자침구및홈인테리어리빙상품포토샵일러스트레이터활용능력이뛰어난자라이프스타일분야를비롯하여가구인테리어전반에관심이많은자뛰어난대인관계커뮤니케이션능력의소유자빠른트렌드및다양한마케팅정보분석및적용가능한자운전면허소유자포트폴리오첨부필수서울특별시경영지원부문모집부문업무내용경력자격요건및우대사항근무지지식재산권담당자지식재산권상표특허실용실안디자인출원중간사건등록업무지식재산권침해이슈검토대응선행기술조사및분석지식재산조사분석및전략수립저작권검토대응기타지식재산관련제반업무신입자격요건4년제대졸우대사항관련학과전공자제조사유통사근무경험자서울특별시세무회계세무법인세중간예납신고개별소비세부가세원천세신고종합부동산세신고취득세신고자산및주주개정세법검토및적용7년자격요건4년제대졸우대사항SAPFI모듈활용가능자관련학과전공자관련자격증소지자제조사유통사근무경험자서울특별시재무회계재무내부회계운영및위험통제관리회계결산및명세서작성사전공시자료작성5년자격요건4년제대졸우대사항SAPFI모듈활용가능자관련학과전공자관련자격증소지자제조사유통사근무경험자서울특별시원가회계원가제조원가마감및원가리포트작성분석표준원가관리분석해외료열티산출및분석보고5년자격요건4년제대졸SAPCO모듈활용가능자우대사항관련학과전공자관련자격증소지자제조사유통사근무경험자서울특별시관리회계제조원가표준원가실적원가분석관리재고관리재고자산분석관리수익성분석및예산관리5년자격요건4년제대졸우대사항월분기연말결산경험자SAPCO모듈운영경험자OAExcel숙련자경기도이천IT인프라데이터센터및전산실서버LinuxWindows운영보안솔루션및인프라운영관리Cloud환경운영현장네트워크운영관리신입자격요건전문대졸이상IT인프라서버스토리지네트워크관련이해도보유자서버가상화운영관련이해도보유자우대사항관련학과전산경영정보전공자관련자격증소지자제조사유통사근무경험자현장네트워크환경구축운영경험보유자서울특별시SAP운영SAP프로세스운영개선기획SAP수행사커뮤니케이션신입자격요건전문대졸이상우대사항관련학과전산경영정보전공자B2C비지니스기반SAP프로세스경험자S4HANA운영구축경험자서울특별시사무보조계약직6개월서류정리및관리데이터입력문서작성기타사무보조업무근무시간협의가능무관자격요건전문대졸이상MS오피스사용능력우수자파워포인트엑셀우대사항컴퓨터활용능력우수자파워포인트엑셀고급능력보유자문서작성우수자취업보호대상자자격증컴퓨터활용능력1급컴퓨터활용능력2급서울특별시근무조건근무조건계약직정규직수습평가3개월후전환슬립마스터의경우계약직3개월후정규직전환검토근무지서울지역서울특별시강남구삼성로511골든타워14층이천지역경기도이천시모가면사실로1000복리후생4대보험단체생명보험경조휴가및경조금장례소모품지원자녀학자금지원콘도이용건강검진하계휴가등전형절차전형별합격자개별연락제출서류이력서자기소개서포트폴리오해당직무에한함접수기간및방법접수기간2022년11월21일마감접수방법사람인온라인입사지원기타사항제출된입사지원서는본채용의목적이외에는사용하지않습니다제출된입사지원서에허위로기재된사실이있을시에는채용이취소될수있습니다문의시몬스인재개발팀careersimmonscokr,https://www.saramin.co.kr/zf_user/jobs/relay/view-detail?rec_idx=44380374&location=ts&searchword=%EB%8D%B0%EC%9D%B4%ED%84%B0+%EC%97%94%EC%A7%80%EB%8B%88%EC%96%B4&searchType=search&paid_fl=n&search_uuid=1a61d1ba-9b9d-4fff-be6c-3814875d9583&rec_seq=0&t_category=relay_view&t_content=view_detail&t_ref=&t_ref_content=,주시몬스
32,현대글로비스부문별채용,채용직무경력부문직무근무지바로가기물류물류센터산업안전관리서울성동구지원하기물류유통및헬스케어물류영업서울성동구지원하기물류프로젝트영업운영서울성동구지원하기IT정보보호재경IT시스템기획관리서울성동구지원하기IT정보보호IT플랫폼아키텍트서울성동구지원하기신사업스마트물류솔루션기술영업서울성동구지원하기신사업스마트물류솔루션컨설팅서울성동구지원하기신사업선행기술개발SW서울성동구지원하기신사업물류자동화기획서울성동구지원하기신사업물류자동화제어서울성동구지원하기신사업물류자동화설계서울성동구지원하기신사업물류자동화SW서울성동구지원하기신사업물류자동화PM서울성동구지원하기신사업운송시스템및솔루션개발기획서울성동구지원하기신사업운송서비스기획운영서울성동구지원하기유통서비스기획서울성동구지원하기접수기간20221101화090020221113일2359접수방법현대글로비스채용홈페이지httpsglovisrecruitercokr지원입사지원서는현대글로비스채용홈페이지를통해서만등록가능합니다전형일정및결과안내는입사지원서에등록하신메일주소로개별안내드립니다기타사항지원서내용중허위사실이있는경우에는합격이취소될수있습니다국가유공자및장애인등취업보호대상자는관계법령에따라우대합니다해외여행에결격사유가있는경우지원이불가합니다채용조건은채용전형면접처우협의과정에서협의에따라변경될수있습니다채용관련문의는채용홈페이지채용안내채용문의를이용바랍니다,https://www.saramin.co.kr/zf_user/jobs/relay/view-detail?rec_idx=44325930&location=ts&searchword=%EB%8D%B0%EC%9D%B4%ED%84%B0+%EC%97%94%EC%A7%80%EB%8B%88%EC%96%B4&searchType=search&paid_fl=n&search_uuid=1a61d1ba-9b9d-4fff-be6c-3814875d9583&rec_seq=0&t_category=relay_view&t_content=view_detail&t_ref=&t_ref_content=,현대글로비스주
33,주아모텍2022년하반기신입경력사원수시채용,업종전기전자제어기구설계전기회로설계직종선택기획전략직무직업경영기획선택기획전략직무직업기획선택기획전략직무직업사업기획선택기획전략직무직업상품기획선택기획전략직무직업전략기획선택기획전략전문분야사업개발선택기획전략전문분야사업관리선택기획전략전문분야사업제휴선택기획전략전문분야시장조사선택기획전략전문분야신사업기획선택기획전략전문분야엑셀러레이팅선택기획전략전문분야예산관리선택기획전략전문분야타당성검토선택회계세무재무직무직업경리선택회계세무재무직무직업재무선택회계세무재무직무직업회계선택회계세무재무전문분야계산서발행선택회계세무재무전문분야급여Payroll선택회계세무재무전문분야기업회계선택회계세무재무전문분야더존선택회계세무재무전문분야법인결산선택회계세무재무전문분야세무회계선택회계세무재무전문분야자금관리선택회계세무재무전문분야재무제표선택회계세무재무전문분야재무회계선택회계세무재무전문분야전표입력선택회계세무재무전문분야채권관리선택회계세무재무전문분야회계결산선택회계세무재무전문분야ERP선택인사노무HRD담당분야급여Payroll선택총무법무사무직무직업사무직선택총무법무사무직무직업총무선택총무법무사무전문분야문서작성선택총무법무사무전문분야비품관리선택총무법무사무전문분야사내행사선택총무법무사무전문분야사무행정선택총무법무사무전문분야서류관리선택총무법무사무전문분야자산관리선택총무법무사무전문분야전산총무선택총무법무사무전문분야제증명발급선택총무법무사무전문분야Excel선택총무법무사무전문분야OA선택IT개발데이터전문분야펌웨어선택IT개발데이터전문분야ERP선택IT개발데이터전문분야HW선택IT개발데이터전문분야IoT선택IT개발데이터전문분야SW선택영업판매무역직무직업기술영업선택영업판매무역직무직업영업관리선택영업판매무역직무직업영업마케팅선택영업판매무역직무직업영업전략선택영업판매무역직무직업영업지원선택영업판매무역직무직업영업직선택영업판매무역직무직업영업판촉선택영업판매무역직무직업장비영업선택영업판매무역직무직업해외시장개척선택영업판매무역직무직업해외영업선택영업판매무역담당분야거래처납품선택영업판매무역담당분야거래처영업선택영업판매무역담당분야고객관리선택영업판매무역담당분야무역거래선택영업판매무역담당분야무역영어선택영업판매무역담당분야바이어발굴관리선택영업판매무역담당분야부품수출선택영업판매무역담당분야수발주선택영업판매무역담당분야수출입선택영업판매무역담당분야통관선택영업판매무역담당분야해외영업관리선택영업판매무역담당분야해외영업지원선택구매자재물류직무직업SCM선택구매자재물류전문분야ERP선택상품기획MD담당분야식품선택서비스직무직업영양사선택서비스근무장소급식소선택생산직무직업공장장선택생산직무직업공정관리선택생산직무직업공정설계선택생산직무직업공정엔지니어선택생산직무직업구조해석설계선택생산직무직업기구설계선택생산직무직업기술설계선택생산직무직업기술엔지니어선택생산직무직업생산관리선택생산직무직업생산기술선택생산직무직업생산설계선택생산직무직업설계엔지니어선택생산직무직업설비OP선택생산직무직업안전보건관리자선택생산직무직업자동제어선택생산직무직업자동화설계선택생산직무직업장비설계선택생산직무직업장비제어선택생산직무직업전기설계선택생산직무직업전기제어선택생산직무직업전자제어선택생산직무직업전장설계선택생산직무직업제조선택생산직무직업제조가공선택생산직무직업품질검사원선택생산직무직업품질관리선택생산직무직업회로설계선택생산직무직업QA선택생산직무직업QC선택생산전문분야계측제어선택생산전문분야도장도금도색선택생산전문분야생산자동화선택생산전문분야자동화라인선택생산전문분야펌웨어선택생산전문분야품질보증선택생산전문분야품질분석선택생산전문분야AutoCAD선택생산전문분야CAD선택생산전문분야CATIA선택생산전문분야ERP선택생산전문분야FA공장자동화선택생산전문분야HW선택생산전문분야MES선택생산전문분야OrCAD선택생산전문분야3차원측정선택건설건축직무직업전기기사선택건설건축직무직업전기설계선택건설건축직무직업전산기술직선택건설건축직무직업통신설계선택건설건축전문분야가스설비선택건설건축전문분야공조설비선택건설건축전문분야산업설비선택건설건축전문분야설비보수선택건설건축전문분야자동제어선택건설건축전문분야전기제어선택의료의료종사직위생사선택연구RD직무직업RD선택연구RD전문분야식품연구선택연구RD전문분야신소재선택연구RD전문분야실험보조선택연구RD전문분야이화학시험선택연구RD전문분야전자파근무지주소노출지역서울서초구경기김포시경기수원시경기평택시인천인천전체강원철원군충남천안시,https://www.saramin.co.kr/zf_user/jobs/relay/view-detail?rec_idx=43947977&location=ts&searchword=%EB%8D%B0%EC%9D%B4%ED%84%B0+%EC%97%94%EC%A7%80%EB%8B%88%EC%96%B4&searchType=search&paid_fl=n&search_uuid=1a61d1ba-9b9d-4fff-be6c-3814875d9583&rec_seq=0&t_category=relay_view&t_content=view_detail&t_ref=&t_ref_content=,주아모텍
34,코오롱인더스트리부문별신입경력채용,코오롱인더스트리와함께할인재를모집합니다모집부문코오롱인더스트리직무구분내용필수및우대사항근무지생산기술석유수지경력정규직생산관리공정개선및수율Utility관리ISO1400190014500150001KOSHA18001관련업무공정안전관리PSM관련업무관련경력2년이상필수고분자섬유화학공학전공자우대고분자또는석유화학계열공정품질관리유경험자우대PSM공정안전고압가스등산업안전관련유경험자우대미니탭또는통계Tool사용가능자우대여수품질경영아라미드경력정규직품질기준수립변경및관리품질시스템인증적용및유지품질보증관련경력3년이상필수고분자섬유화학공학산업공학전공자우대고분자또는화학계열품질업무유경험자우대필라멘트생산또는품질업무유경험자우대미니탭또는통계Tool사용가능자우대구미설비개발기계경력정규직Project및경상투자신규기계장치도입및개발기계장치설계발주도입설비Setup및시운전공정최적화화학분야장치설계공정설계관련경력3년이상필수장치산업플랜트에너지진단업무유경험자우대기계공학기계설계화학공학전공우대기계관련교육이수및자격증보유자우대PlantEPCEngineeringProcurementConstruction업무경력3년이상보유자우대기계설비유지보전관련업무경력3년이상보유자우대기계시뮬레이션FluentPolyflowFloEFD등및ASPEN전산모사등프로그래밍사용가능자우대비파괴검사NDT자격및장치취급자우대영어회화가능자우대구미공정개발장치공정경력정규직유체열Polymer유동해석공정개발및개선최적화설계개발검토개선BasicENG작성및검토HMBPID등장치Plant공정설계진단분석화학공정설비에너지설비진단구미설비지원기계경력정규직기계엔지니어공정설비개선신규PJT설비투자를위한기술검토설계공사관리기계설비유지보전및PSM관리기계설비관리및투자공사업무경력2년이상필수기계공학계열전공자필수화학공장설비보전유경험자우대PSM업무수행유경험자우대기계기사냉동공조기사자격증소지자우대김천환경안전환경기술인경력정규직환경오염시설의통합관리에관한법률대응사업장환경시설위험물관리배출방지시설변경신고인허가관련대응공정환경관리대기수질오염물질측정Risk관리수질또는대기환경기사자격증필수관련분야현장실무3년이상필수환경화학기계공학전공우대환통법화관법대응및유해화학물질관리유경험자우대사업장대기수질관리업무경험자우대김천경영지원세무회계경력정규직세금납부및이슈검토세무Risk관리세무사자격증보유자필수세무사자격증취득이후관련업무4년이상경력보유자필수기업세무업무유경험자우대SAP사용경험우대영어능력우수자우대서울공통자격요건4년제정규대학졸업자RD직무는석사졸업이상해외여행에결격사유가없는자보훈대상자등취업보호대상자관계법령에의거우대코오롱인더스트리제조부문직무구분내용필수및우대사항근무지연구보조지원신입경력계약직MEA관련유상샘플제작부문연구보조원자동차소재부품부문연구보조원패널재료부문연구보조원MEA관련유상샘플제작부문연구보조원이공계열전공자우대화학제품코팅재료평가업무유경험자우대연료전지이차전지전극제조및평가업무유경험자우대RD개발품샘플제조유경험자우대자동차소재부품부문연구보조원이공계열전공자우대제조업생산연구업무유경험자우대연구보조업무유경험자우대MSOffice활용능통자우대패널재료부문연구보조원이공계열전공자우대제조업생산연구업무유경험자우대서울공통자격요건대졸이하해외여행에결격사유가없는자보훈대상자등취업보호대상자관계법령에의거우대코오롱미래기술원직무주요업무구분내용필수및우대사항근무지RD기획기술Research경력정규직신사업개발업무전략에기반한신사업발굴및추진시장기술산업경쟁상황전반에대한조사분석및인사이트제공역할분석대상Target발생시대상회사의재무적영역을포함한전반적인조사분석및회사에대한판단평가업무까지수행외부협력OpenInnovation산학GlobalNetwork주관및이에기반한신사업기회탐색화학소재기업의글로벌신사업업무경력기업분석경험전략및기획보고서작성능력리서치데이터분석및시사점도출능력MBA소지자우대국제협력업무수행을위한영어가능자우대서울공통자격요건대졸이하해외여행에결격사유가없는자보훈대상자등취업보호대상자관계법령에의거우대전형절차접수기간및방법접수기간상시채용채용시마감접수방법코오롱인더스트리홈페이지지원상세내용확인및지원하기유의사항국가보훈대상자는관계법령에의거하여우대합니다각종증빙서류는면접전형시제출하여주시기바랍니다증빙서류및입사지원서기재내용이허위임이판명될때는합격및입사를취소할수있습니다,https://www.saramin.co.kr/zf_user/jobs/relay/view-detail?rec_idx=44405102&location=ts&searchword=%EB%8D%B0%EC%9D%B4%ED%84%B0+%EC%97%94%EC%A7%80%EB%8B%88%EC%96%B4&searchType=search&paid_fl=n&search_uuid=1a61d1ba-9b9d-4fff-be6c-3814875d9583&rec_seq=0&t_category=relay_view&t_content=view_detail&t_ref=&t_ref_content=,코오롱인더스트리주
35,2022좋은데이무학그룹공개채용,채용부문주류사업부부문근무지직무내용경력자격사항채용인원주류영업거제국내주류영업지역별거래선및상권관리제품홍보및판매촉진신입자격요건전공무관운전면허소지자우대사항동종직무유경험자0명마케팅부산브랜드및제품마케팅전략수립온오프라인마케팅기획및프로모션마케팅효과분석및영업데이터관리신입자격요건관련전공분야의학사학위이상소지자우대사항전공상경계열동종직무유경험자관련직무자격증소지자0명안전관리창원1산업안전관리자재해예방을위한사업장안전진단및개선업무신입경력자격요건산업안전산업기사이상자격소지자관련전공분야의학사학위이상소지자우대사항PSMISO45001업무유경험자경력제조업유관경력2년이상관련직무자격증소지자0명전산시스템창원1전산정보시스템통합관리ERP서버운영관리및유지보수oracle및mysql운영관리HW및NW운영관리보안시스템운영관리신입자격요건관련전공분야의학사학위이상소지자우대사항전공컴퓨터공학계열관련직무자격증소지자0명경력자격요건경력유관경력3년이상직급대리급과장급우대사항프로그램개발가능자PHPMySQLDelphi동종직무유경험자0명재무회계창원1법인결산자금운영관리회계감사세무조사대응부가세법인세원천세등세무업무공시업무경력자격요건경력유관경력3년이상직급대리급과장급우대사항상장법인근무경력자법인결산가능자0명근무조건구분내용비고고용형태채용부문별참조급여수준신입사원초임연봉3550만원퇴직금별도4년대졸신입사원군필자기준경력사항은회사내규에따라반영복리후생제도공통우대사항구분자격조건비고공통사항1학력부문별자격사항참조2성별무관3해외여행에결격사유가없는자우대사항1지역인재우선채용지역대학졸업예정자및거주자2ROTC전역장교전역예정자포함3직무관련자격증소지및동종직무유경험자4국가보훈취업지원대상자관계서류제출시접수기간및지원방법구분내용비고접수기간하단별도안내지원방법입사지원서당사소정양식작성후채용사이트지원제출제출파일명은지원부문근무지성명으로기재하여주십시오ex재무회계창원1홍길동제출서류당사소정양식다운로드구분제출서류각1부공통1입사지원서및자기소개서소정양식2개인정보수집이용동의서소정양식해당자1경력소개서소정양식2취업보호지원대상자증명서스캔지원부문및근무지필히기재요망개인정보수집이용동의서미작성시서류접수취소됩니다입사구비서류성적증명서기타자격증등는합격자에한해추후별도요청예정자사양식다운로드전형절차근무지지역사무실비고창원1경상남도창원시마산회원구봉암공단2길6부산부산광역시사상구대동로179번길36거제경상남도거제시거제중앙로1703접수기간2022년11월14일2359까지합격자통보서류전형합격자에한해이후전형절차개별통보예정문의사항인사채용담당자전화07075762026기타입사지원은온라인지원만가능하며최종제출이후에는수정이불가능하니유의하시기바랍니다어학수상경력등은증빙가능한서류가있는경우에만입력하시기바랍니다국가보훈취업지원대상자는관계서류제출시관련법령에의거우대합니다제출된지원서및서류는관련법령에따라처리합니다입사지원서기재내용착오및누락에대한책임은지원자에게있으며제출서류와불일치할경우합격입사이취소될수있습니다상기전형일정은회사사정에따라변경될수있습니다,https://www.saramin.co.kr/zf_user/jobs/relay/view-detail?rec_idx=44378369&location=ts&searchword=%EB%8D%B0%EC%9D%B4%ED%84%B0+%EC%97%94%EC%A7%80%EB%8B%88%EC%96%B4&searchType=search&paid_fl=n&search_uuid=1a61d1ba-9b9d-4fff-be6c-3814875d9583&rec_seq=0&t_category=relay_view&t_content=view_detail&t_ref=&t_ref_content=,주무학
36,2023년하츠신입경력공개채용,모집요강경력사원부문경력년수직무명세부업무소개학력필수요건및우대사항근무지경영기획6년이상경영기획전략기획MA경영성과사업지표관리및리포팅경영계획수립및MA검토중장기전략및과제수립관리경영환경분석대졸필수요건경영계획사업계획수립경험자우대사항OA활용능력우수자MA경험자적극적커뮤니케이션역량보유자상경계열전공자서울강남경영회계4년이상회계및세무매기간월분기반기년마감관리및재무회계결산손익분석및실적보고세무업무국세및지방세회계감사대응내부회계관리제도운영감사수준대졸필수요건경영회계학전공자KIFRS재무결산경험우대사항상장사연결재무제표경험자동종업계관련업무경험회계세무관련자격증소지자외감법에따른지정회계감사경험더존ERP경험자서울강남공사관리2년이상공사PM빌트인가전공동주택납품현장관리빌트인가전납품현장관리초대졸필수요건경력직동종업무2년이상운전가능자우대사항캐드사용가능자서울강남2년이상공사PM세대환기공동주택시공현장관리세대환기시공현장관리초대졸서울강남대구부산구매4년이상구매관리원가계획원부자재구매발주원가계획구매원가관리협력업체관리선정평가재고운영적정재고관리대졸필수요건공학전공자기계전기전자우대사항합리적인사고적극적태도창의성과끈기를겸비한분이공계열우대평택공장전장개발SW4년이상인덕션소프트웨어개발인덕션모듈성능동작알고리즘개발임베디드SW개발대졸필수요건인버터제어개발경험자MCU및주변회로펌웨어설계경험자우대사항전산전기전자전공자인덕션쿡탑개발유경험자평택공장욕실자재유통10년이상B2B대리점영업관리욕실B2B유통대리점매출관리신규대리점증설대리점별판매계획수립대리점채권및여신관리대졸필수요건욕실B2B유통대리점관리유경험자우대사항욕실도기업계재직자팀장경험자서울강남환기덕트설계샵드로잉2년이상환기샵드로잉견적환기덕트설계및샵드로잉영업지원설계도면지원예가견적입찰지원도면파악및원가산출장비및자재단가관리초대졸필수요건건설현장샵드로잉경력서울강남CS운영2년이상AS대행업체관리CS협력사관리현장직아님CS데이터분석초대졸필수요건운전가능자우대사항전기전자관련자격증보유자경력직부엌가구또는가전수리경력자평택공장공통자격해외출장결격사유없는분신입사원부문직무명세부업무소개학력필수요건및우대사항근무지CS운영AS대행업체관리CS협력사관리현장직아님CS데이터분석초대졸필수요건운전가능자우대사항전기전자관련자격증보유자평택공장B2C온라인몰운영관리온라인몰운영관리자사몰및온라인몰운영네이버스토어소셜오픈몰종합몰프로모션기획전팝업등노출상품기획및관리판매채널별유입분석및전략수립실행디지털마케팅온라인매체효율분석대행사관리대졸우대사항Ecommerce에대한높은이해와관심적극적이고원활한커뮤니케이션역량업무에대한호기심과적극적인태도MSOffice가능자간단한포토샵사용가능자서울강남유통대리점영업대리점영업및관리유통대리점주방가구사영업및매출관리신규거래처발굴상권관리후드빌트인기기시장조사및신제품런칭소매시장판촉활동대졸필수요건운전가능자우대사항적극적이고원활한커뮤니케이션역량OA엑셀등활용능력서울강남부산생산지원총무생산지원총무공장건물및기숙사시설관리복리후생관리공장노무관리및위탁파견용역직관리산업안전관리공장조직문화활성화관련업무대졸우대사항적극적이고원활한커뮤니케이션역량평택공장공통자격해외출장결격사유없는분홈페이지바로가기홍보영상하츠직무알아보기제출서류서류전형시졸업증명서성적증명서제출전형절차접수기간및방법접수기간2022년11월16일마감접수방법사람인온라인입사지원기타사항보훈대상자장애인은관련법령에의거우대합니다기재사항이사실과다를경우합격이취소됩니다,https://www.saramin.co.kr/zf_user/jobs/relay/view-detail?rec_idx=44361506&location=ts&searchword=%EB%8D%B0%EC%9D%B4%ED%84%B0+%EC%97%94%EC%A7%80%EB%8B%88%EC%96%B4&searchType=search&paid_fl=n&search_uuid=1a61d1ba-9b9d-4fff-be6c-3814875d9583&rec_seq=0&t_category=relay_view&t_content=view_detail&t_ref=&t_ref_content=,주하츠
37,현대로템현대로템부문별신입경력사원채용,,https://www.saramin.co.kr/zf_user/jobs/relay/view-detail?rec_idx=44329694&location=ts&searchword=%EB%8D%B0%EC%9D%B4%ED%84%B0+%EC%97%94%EC%A7%80%EB%8B%88%EC%96%B4&searchType=search&paid_fl=n&search_uuid=1a61d1ba-9b9d-4fff-be6c-3814875d9583&rec_seq=0&t_category=relay_view&t_content=view_detail&t_ref=&t_ref_content=,현대로템주
38,LGCNS인턴신입경력채용,인턴신입경력채용지원하기홈페이지입사지원하기GO전형절차위내용은영입을위한기본프로세스로경우에따라추가절차가포함될수있습니다접수기간및방법접수기간공고별로상이함접수방법홈페이지입사지원,https://www.saramin.co.kr/zf_user/jobs/relay/view-detail?rec_idx=43221043&location=ts&searchword=%EB%8D%B0%EC%9D%B4%ED%84%B0+%EC%97%94%EC%A7%80%EB%8B%88%EC%96%B4&searchType=search&paid_fl=n&search_uuid=1a61d1ba-9b9d-4fff-be6c-3814875d9583&rec_seq=0&t_category=relay_view&t_content=view_detail&t_ref=&t_ref_content=,주LGCNS
39,SK시그넷각부문별신입경력직모집,다음과같이유능한인재를기다립니다미래를함께하실분들의많은관심과지원바랍니다모집부문IT보안상품기획영업HW설계기구설계소프트웨어개발해외CS개발품질BOM운영전략구매재무PE설계시스템검증생산관리자재관리수리생산기술생산품질보증모집부문상세근무지여의도구분Joborpart담당업무자격요건및우대사항행복추진팀IT보안기획과장차장급IT정보보호기획IT정보보호전략수립기획및자원계획IT정보보호프로젝트관리자격요건정보기술또는정보보호업무10년이상IT전략수립경험자MESERP등정보보호관련인증심사및Audit경험자ISMSP등협업및커뮤니케이션능력필요우대사항제조업IT보안경력자우대영어가능자IT보안정보보호운영대리과장급정보보호운영정보보호시스템구축정책및규정관리정보보호통제관리및운영Outsourcing관리포함자격요건정보보호관련인증심사및Audit경험자정보기술부분관련보안성검토경험자보안시스템도입및운영경험자협업및커뮤니케이션능력필요우대사항제조업보안경력자우대영어가능자IT운영대리과장급IT운영IT시스템솔루션구축IT시스템솔루션관리및운영Outsourcing관리포함자격요건OnPremis및Cloud환경시스템구축및운영IT시스템HWOSDBWAS등에대한지식및운영경험자IT솔루션에대한도입및운영경험자협업및커뮤니케이션능력필요우대사항제조업IT경력자우대영어가능자상품전략팀상품기획팀장시장동향및경쟁사비교분석기술Roadmap연계한중장기상품전략수립전기차충전기제품기획초급속급속ESS충방전기솔루션제품라인업운영신모델Launching단종등제품가격포지셔닝가격전략수립신사업모델개발자격요건4년제대졸학사이상전공무관영어TOEICSpeackingLevel7또는OPICIM3이상RD상품기획신사업기획등관련업무경력5년이상해외출장에결격이없는자우대사항자동차전기차전기차충전기개발경험B2B또는B2C제품군제품기획유경험자우대영어또는외국어능통자우대상품기획신입매니저자격요건4년제대졸학사이상전공무관영어TOEICSpeackingLevel6또는OPICIM2이상RD상품기획신사업기획등관련업무경력5년이상해외출장에결격이없는자컴퓨터활용능력엑셀파워포인트워드우수우대사항자동차전기차전기차충전기개발경험B2B또는B2C제품군제품기획유경험자우대영어또는외국어능통자우대글로벌사업1팀영업팀장구주아시아지역해외영업팀장중간관리자영업전략수립지역매출손익관리RFIRFPRFQ최종검토전고객사대응자격요건4년제대졸학사이상전공무관경력자영업or기술영업직최소3년이상전기혹은전기차충전기에대한기본이해가능자영어회화최상해외출장에결격이없는자컴퓨터활용능력엑셀파워포인트워드우수운전면허소지자영업주임대리영업관리지원수출입업무수출통관고객사별납기일관리마감대금청구수금자격요건2년제대졸이상영업관리지원및수출입업무선적통관2년이상비지니스영어구사고객사와이메일및전화업무필요OA능력Excel중급이상우대사항LC네고경험우대제조업동종업계우대ERP사용경험우대컴퓨터활용능력2급이상글로벌사업2팀영업팀장구주아시아지역해외영업팀장중간관리자영업전략수립지역매출손익관리RFIRFPRFQ최종검토전고객사대응자격요건4년제대졸학사이상전공무관경력자영업or기술영업직최소3년이상전기혹은전기차충전기에대한기본이해가능자영어회화최상해외출장에결격이없는자컴퓨터활용능력엑셀파워포인트워드우수운전면허소지자우대사항전기혹은전기차충전기에대한기본이해가능자배터리충방전시스템에대한기본이해가능자유관업무경력자이과계열전공자영업매니저고객사의니즈파악및반영CS관련접수및대응고객사기술질의접수및대응신규안건프로젝트파악RFIRFPRFQ대응출하납기관리업무에수반되는출장및기술서등통역번역대응자격요건4년제대졸학사이상전공무관경력자영업or기술영업직최소3년이상전기혹은전기차충전기에대한기본이해가능자영어회화최상해외출장에결격이없는자컴퓨터활용능력엑셀파워포인트워드우수운전면허소지자HW설계팀전장설계EMC디버깅대리이상EMC를고려한전장회로설계전장시스템전기차충전기EMC디버깅인증소인증시험지원및디버깅EMC개선부품선정인증업무관리자격요건4년제대졸AutoCAD사용EMC개념이해필터부품특성이해인증업무경험자한국미국일본유럽운전면허소지우대사항이공계전기전자공학과전기산업기사기사및관련자격증보유자EMC인증소인증업무경험자전기차충전기전장설계EMC디버깅경험자인증업무경험자전장Harness설계사원과장나라별인증규격에부합한전기차충전기전장설계EPLAN이용전장회로설계및Harness설계EMCEMI고려한최적화설계BOM구성및양산이관업무부품기능Test자격요건4년제대졸ORCADEPLANAutoCAD전장부회로해석배치가능자BOM구성인증업무경험자한국미국일본유럽우대사항이공계전기전자공학과전기산업기사기사및관련자격증보유자EPlan이용한전장설계및Harness설계숙련자전기차충전기전장설계경험자인증업무경험자영어회화가능자회로설계대리과장임베디드제어기회로설계PCB설계검토및수정신뢰성시험규격만족HW설계전자소자선장및BOM구성MCU주변회로설계RS232485SPICAN등통신회로설계자격요건회로설계툴활용능력OrCADPADS아날로그디지털회로설계가능자EMC디버깅경험자우대사항FW설계역량보유전기차충전제어HW개발경험자동종업계경력자기구설계팀기구설계대리차장기구설계Outdoor제품설계ESS전력전자판금설계대형프레스및사출금형제품설계유동해석열해석구조해석포트폴리오제출필수자격요건4년제대졸SolidWorksAutoCad사용가능자구조열유동해석가능자구동부설계모터감속기등구동부부품선정대형프레스및사출금형제품설계전장부회로해석배치가능자IP구조설계가능자프로젝트디자인설계가능자경력5년이상우대사항ASSEMBLY설계경험자SOLIWORKS구조유동해석가능자대형프레스및사출금형제품설계ERP경험자영어회화가능자우대사항관련자격증보유자유관업무경험자컴퓨터활용능력우수자특허진행가능자이공계열계약직사원SOLIDWORKS3D도면2D변환및도면작업AUTOCAD자격요건경력무관solidworks3Dautocad2DTool우대사항국가유공자보훈대상자고용촉진장려금대상취업보호대상자특성화고마이스터고영어가능자해당직무근무경험해당직무인턴경력해당직무알바경험Keyshot상급스킬우대소프트웨어개발2팀SW개발대리차장전기차충전기운영프로그램개발사용자인터페이스UI개발터치스크린RS232네트워크통신으로주변기기제어결제시스템개발서버연동기능개발상태정보예약등충전프로그램시험자격요건학력대졸이상CCQtQMLPythonC등개발경험3개언어이상WindowsLinux환경개발가능GUIApplication개발경험RS232tcpip통신이해영어소통운전에문제없는자해외여행에결격사유없는자우대사항자동차전장충전기개발경험OCPPOCA인증경험FMEA및설계문서작성가능소프트웨어개발프로세서이해소프트웨어품질개선능력UnitTest정적분석Yoctobuild환경이해Agile방식개발경험석사이상전기차충전기부가장치개발과장급이하전기차충전기부가장치개발결제단말기신규제품검토연동개발및시험RF리더기신규제품검토연동개발및시험모뎀라우터신규제품검토연동개발및시험자격요건학력초대졸이상소프트웨어개발관련학과졸업자성별무관CC언어가능자영문문서이해에문제없는자운전에문제없는자해외여행에결격사유없는자우대사항소프트웨어관련학과전공자GITJIRA사용경험자영어nativespeaking공학계열전기전자석박사우대전기차충전기SW검증TestEngineer과장급이하전기차충전기TTestEngineer충전기프로그램시험케이스작성보고서작성정적분석툴로충전기소스검증보고서작성테스트코드추가자격요건학력초대졸이상성별무관SW테스트경력자CCPython등개발경험TCPIP통신이해운전에문제없는자해외여행에결격사유없는자우대사항소프트웨어관련학과전공자GITJIRA사용경험자영어nativespeaking공학계열전기전자석박사우대충방전기개발Unit충방전기SW개발대리과장급충방전기SW개발GUI개발충방전기설비운영SW개발상위서버연동기능개발자격요건개발경력3년이상CCC개발경험자GUIWinformWPF개발가능자고객사와의사소통이원활한자팀원간의사소통이원활한자영문문서이해에문제없는자해외출장가능자우대사항관련업무개발경력3년이상통신프로그램RS232RS485ModbusCAN개발경험자DBMSSQLMYSQL개발경험자배터리생산장비SW개발및운용경험자배터리테스트기술경험자SECSGEM2개발경험자gRPCProtobuf개발경험자해외CS팀해외고객사기술지원영어통역번역주임과장급기술미팅통역기술자료및규격서번역자격요건유관업무경력310년대졸이상전기혹은전기차충전기에대한기본이해가능자영어최상급우대사항전공통번역학과영문학과등관련전공우대관련자격증보유자배터리충방전시스템에대한기본이해가능자우대유럽동남아CS대응및파트관리주임과장해외CS담당업무기술지원파트관리유럽동남아자격요건영어회화상급이상해외출장에결격이없는자전기혹은전기차충전기에대한기본이해가능자논리적사고에의한문제해결능력필수우대사항유관업무경력자공과계열전공자관련자격증보유자컴퓨터활용능력우수자배터리충방전시스템에대한기본이해가능자우대해외고객사기술지원대리과장해외고객사요청문서번역해외출장을통한Maintenance업무해외고객사conferencecall진행해외고객사기술대응자격요건경력210년4년제대졸이상전기혹은전기차충전기에대한기본이해가능자영어회화상급이상해외출장에결격이없는자논리적사고에의한문제해결능력필수우대사항전공전기전자공학공학계열유관업무경력자3년이상관련자격증보유자배터리충방전시스템에대한기본이해가능자우대개발품질팀개발제품신뢰성평가대리급제품부품품질성능평가분석제품신뢰성시험Report작성제품신뢰성시험법개발부품승인원DataSheet검토자격요건4년제대졸이상전기전자제품AnalogDigital회로개발유경험자시험계측기운용가능자운전가능자개발제품SWFW신뢰성평가사원대리급SWTesting프로세스관리평가업무SWTesting업무수행신뢰성평가기법개발운영자격요건대졸이상경력5년이상정적및동적시험가능자CC소스코드분석가능자네트워크프로토콜분석가능자우대사항대규모SI사업수행경험방산항공우주철도원자력등소프트웨어아키텍쳐설계경험펌웨어개발경험디바이스드라이버개발경험전자공학전공인증팀인증사원대리급국내인증취득안전전자파형식승인해외인증취득북미유럽아시아개발제품구조검토및품질gate관리고객사RFP검토및Solution확보자격요건전기전자제품인증업무유경험자제조업품질경영시스템유경험자MSoffice활용능숙자우대사항외국어능통자영어인증시험신뢰성평가유경험자HWSW검증가능자EVSE관련직무종사자공인인증소업무경험자친환경제품인증경험자전기전자관련학과전공SOP팀BOM운영신입사원ERP기반BOMECO등록및관리BOM구조및정합성개선BOMECO관련업무프로세스구축및개선제품부품Code운영및기준정보관리자격요건초대졸이상전기전자산업공학등공학계열우대우대사항전기차충전기또는전력전자업종경력중대형산업설비BOM운영경력전자부품의이해연구개발프로세스이해개발품질이해BOM구성이해ERP프로그램사용능력ERP기반BOM운영경력SAP운영경험부품승인원및부품규격이해전략구매팀전략전자구매팀대리과장EMS외주업체관리자재사급도급생산관리등제품BOM자재SupplyChain분석및구매최적화업무발주견적매입납기관리자재소요량분석및구매계획수립내자외자구매및구매SCM관리원부자재공급망분석및리스크매니지먼트선제적대응신규협력업체발굴및협력업체평가관리계약체결및관리자격요건4년제졸Toeic700이상or영어의사소통가능자필수해외파견근로가능자대내외협업및협상커뮤니케이션스킬우수자문서작성및데이터분석관리능력우수자경력5년이상우대사항EVCharger관련업계종사자외주관리유경험자자기주도적업무수행및성과창출SCM관리유경험자구매관련자격증우대전자부품판금CASE외함Harness도면및spec검토가능자우대기계전기전자제어관련학과MSOfficeExcelPowerPoint활용능력우수전략구매팀대리과장전기차충전기전력저장장치전력변환장치전력공급장치등의에너지솔루션관련제품BOM자재구매업무전자전장부품SMPS차단기MCRelayWire등CASE외함BusbarHarness결제단말기LCD모뎀등자재구매업무자재제작공정숙지원가분석가격협상및결정개발부서기술부서와협업으로자재사양검토협의결정및국내외SupplierSourcing업무제품BOM자재SupplyChain분석및구매최적화업무발주견적매입납기관리자재소요량분석및구매계획수립내자외자구매및구매SCM관리원부자재공급망분석RiskManagement및선제적대응방안수립수행신규협력업체발굴및협력업체평가관리계약체결및관리자격요건4년제졸Toeic700이상or영어의사소통가능자필수해외파견근로가능자대내외협업및협상커뮤니케이션스킬우수자문서작성및데이터분석관리능력우수자구매경력5년이상우대사항자기주도적업무수행및성과창출SCM관리유경험자구매관련자격증우대전자전장부품판금CASE외함Harness도면및spec검토가능자우대기계전기전자제어관련학과MSOfficeExcelPowerPoint활용능력우수재무팀회계대리KIFRS재무제표작성분석보고회계감사대응분반기사업보고서작성공시자격요건4년제대졸이상제조기업경력5년이상SAP사용가능FICO우대사항자격증보유자외국어능력TOEIC800점이상또는그에준하는어학능력자금대리자금출납운영자금결산자금수지추정경비통제자격요건초대졸이상경력5년이상ERP사용가능우대사항제조기업근무경력재무회계경험자compliance팀법무대리국영문계약서작성검토사내부서법률자문이사회주주총회내부회계운영지원자격요건4년제대졸이상법학전공경력5년이상우대사항자격증보유자제조기업근무경력외국어능력TOEIC800점이상또는그에준하는어학능력장애인의무고용총무지원비용정산대리총무지원비용정산자격요건무관우대사항관련업무경력보유엑셀가능자근무지안양구분Joborpart담당업무자격요건및우대사항PE설계팀선행개발양방향Converter개발대리과장절연형ACDCDCDCConverter개발ESS연동충전회로설계MCUBoard설계HWFW게이트구동회로설계디지털전력변환회로제어SW개발자격요건4년제대졸PSIMMATLAB설계툴OrCADPADS능통자아날로그디지털제어가능자경력5년이상우대사항석사박사우대해당직무경력자CC코딩가능자근무지일산구분Joborpart담당업무자격요건및우대사항소프트웨어개발1팀전기차충전기FW과장급전기차충전제어담당충전기내부시스템제어파워모듈통신제어차량과의통신제어기타외부장치연계센서류등EV충전시스템설계UI연계프로토콜시스템자격요건4년제대졸이상경력8년이상MCU제어가능자C언어사용가능자MCU주변회로분석가능자CAN통신가능자통신프로토콜설계가능자전기에대한기본이해가능자영문문서에문제없는자해외출장및파견가능자운전가능자형상관리툴사용가능자분석적사고책임감끈기인내심도전정신의소유자우대사항충전기개발관련업무CHAdeMOJ1772DIN70121DIN70122ISO15118IEC61851123규격경험자산업용장비개발경험자영어nativespeakingFW테스트경력자VectorCASTStatic및MISRACWE등제어보드설계HW엔지니어과장급MCU제어보드및주변회로설계담당제어보드설계및개선제어보드동작시험전자파내성설계PCB설계검토요구사양에따른부품선정대체품선정BOM관리자격요건4년제대졸이상경력10년이상OrcadPADSAltium사용가능자MCU제어보드설계가능자PCB설계및검토가능자우대사항충전기개발관련업무CHAdeMOJ1772DIN70121DIN70122ISO15118IEC61851123규격경험자산업용장비개발경험자전기차충전기FW검증TestEngineer과장급전기차충전기TestEngineer충전기프로그램시험케이스작성보고서작성정적분석툴로충전기소스검증보고서작성동적분석툴로충전기소스검증보고서작성시스템레벨FW시험보고서작성테스트코드추가자격요건정적및동적시험수행가능자CC가능자회로분석가능자우대사항임베디드소프트웨어개발경험디바이스드라이버개발경험전기전자전공자SI공공국방등경험소프트웨어산출물작성경험소프트웨어시험절차서소프트웨어설계기술서등다양한동적시험도구사용경험자시스템검증팀시스템검증팀팀장전기차충전시스템개발PPES단계SWHW검증자격요건관련경력10년이상대졸이상전기전자품질전공개발프로세스이해DFMEA8DReportSWHW개발검증경험전기전자전장회로이해HASTHALT등신뢰성테스트경험제품신뢰성및생산성검증DCLoadPSUTransformer등전력설비운영테스트이론및검증방법론의이해테스트시나리오작성품질실무경험전력전자계측EMI디버깅경험우대사항전기차충전기테스트경험ISO15118IEC61851ISO26262등전기전자규격에관한이해PC기반DataAcquisition통계적분석도구RPython사용경험SW및Firmware개발경험CANAnalyzer사용경험Hardware및전장설계경험시스템검증팀매니저전기차충전시스템개발PPES단계SWHW검증자격요건관련경력5년이상대졸이상전기전자품질전공SWHW개발검증경험전기전자전장회로이해HASTHALT등신뢰성테스트경험제품신뢰성및생산성검증DCLoadPSUTransformer등전력설비운영테스트이론및검증방법론의이해테스트시나리오작성품질실무경험전력전자계측EMI디버깅경험우대사항전기차충전기테스트경험통계적분석도구RPython사용경험CANAnalyzer사용경험Hardware및전장설계경험CS팀자재관리사원용역위탁사자재입출고자재수불부자재상하자및창고관리자격요건초대졸이상이공개EXCELLPT문서작성중급이상색약색명불가우대사항자재관리유경험자직무관련자격증소지자전기전자관련학과고객관리사원주요고객사관리일정관리및고객FB주요불량DATA관리자격요건초대졸이상이공개EXCELLPT문서작성중급이상색약색명불가우대사항동종업계유경험자전기전자관련학과전기전자관련자격증CS관련자격증운영관리사원접수유형분석고장유형원인별집계및분석통계MIS시스템검증SUPPORT자격요건초대졸이상이공개EXCELLPT문서작성중급이상색약색명불가우대사항전기전자관련학과전기전자관련자격증CS관련자격증근무지영광구분Joborpart담당업무자격요건및우대사항생산관리팀생산관리팀장차장급이상제품생산계획기획수립생산성관리및최적화제품인프라구축및관리제품별생산기획및진도관리생산CAPA분석및최적화관리자격요건학사이상상경계이공계제조업경력10년이상또는생산관리직무에상응하는전문성보유자MSOFFICE활용능력보유자비즈니스영어중상급이상회화가능자OPICIH상또는그에준하는어학능력우대사항동종업계유경험자직무관련자격증소지자MSOFFICE활용능력관련자격증소지자또는통계및수치해석툴역량보유자자재팀자재관리매니저과장급이상해외VMI자재관련업무CKD원부자재Packing및수불원자재마감및자재관리자재수율및재고회전율관리자격요건학사이상상경계이공계제조업경력8년이상또는자재관리직무에상응하는전문성보유자MSOFFICE활용능력보유자비즈니스영어중상급이상회화가능자OPICIH이상또는그에준하는어학능력우대사항동종업계유경험자직무관련자격증소지자ITQ한글엑셀파워포인트자격증소지자자재관리매니저사원창고관리재고관리원자재입출고관리ERP입출고등록자격요건초대졸이상이공계자재관리경험자지게차운전가능자우대사항동종업계유경험자직무관련자격증소지자ITQ한글엑셀파워포인트자격증소지자수리팀수리팀powermodulepcb수리사원과장ERP자재수불관리데이터작성powermodulepcb수리자격요건4년제졸pcb회로능통자관련업종수리및인두기사용가능자해외장기출장및단기출장가능자생산기술지원팀생산기술대리과장양산관리외주공정관리생산기술자격요건초대졸전기전자관련경험자캐드경험자PCB제조업연구품질기술경력자엑셀문서작성가능자경력5년이상우대사항전기전자관련학과전기관련자격증보유CAD가능자우대생산팀생산팀인턴폴리텍생산조립업무CellLine조립집중인력생산팀매니저전기자동차충전기조립자격요건무관우대사항전기전자공학인근거주자해당직무근무경험품질보증팀수입검사파트차장과장급품질Process지침제개정KPI작성관리협력사Audit및Levelup활동Worst불량개선활동주간월간보고서작성자격요건대졸국내외출장가능자우대사항전기전자산업공학전공품질기획업무경험자6시그마Belt보유자BB이상ISOIATFVDAAuditor자격인증보유자출하보증파트사원부하시험기능시험온도시험자격요건초대졸문서작성가능자엑셀PPT전기업무경험우대사항전기전자관련학과통신유무선자격우대이러한과정을거쳐요임직원들을위한우리의복지지원금보험급여제도근무환경건강검진각종경조사지원통신비지원EV구매지원제도퇴직연금장기근속지원제도포상회의실공기청정기교육생활선물리프레시점심식사제공일부직무교육온오프라인지원종합건강검진지원제도SKMS실천포상제도명절선물귀향비생일자상품권지급창립기념일상품지급연차경조휴가제반차근로자의날휴무산전후휴가육아휴직남성출산휴가보건휴가근무조건근무형태정규직수습기간3개월계약직정규직전환가능인턴정규직전환가능근무일시주5일월금09001800근무지역1여의도서울영등포구여의대로108파크원타워22안양경기도안양시동안구엘에스로116번길118안양2차SKV1센터3일산경기도고양시일산동구성현로377번길42TestLAB위치에따라변경4영광전남영광군대마면전기차로49기숙사또는사택제공접수기간및방법접수기간2022년11월30일마감접수방법사람인온라인입사지원기타사항입사지원서류에허위사실이발견될경우채용확정이후라도채용이취소될수있습니다,https://www.saramin.co.kr/zf_user/jobs/relay/view-detail?rec_idx=44288326&location=ts&searchword=%EB%8D%B0%EC%9D%B4%ED%84%B0+%EC%97%94%EC%A7%80%EB%8B%88%EC%96%B4&searchType=search&paid_fl=n&search_uuid=1a61d1ba-9b9d-4fff-be6c-3814875d9583&rec_seq=0&t_category=relay_view&t_content=view_detail&t_ref=&t_ref_content=,에스케이시그넷주
